tik,uik #,coords
1,1,"{""lng"": 30.295072, ""lat"": 59.920127}"
1,2,"{""lng"": 30.295072, ""lat"": 59.920127}"
1,3,"{""lng"": 30.286269, ""lat"": 59.918940}"
1,4,"{""lng"": 30.286269, ""lat"": 59.918940}"
1,5,"{""lng"": 30.295072, ""lat"": 59.920127}"
1,6,"{""lng"": 30.286269, ""lat"": 59.918940}"
1,7,"{""lng"": 30.286897, ""lat"": 59.922391}"
1,8,"{""lng"": 30.296752, ""lat"": 59.922373}"
1,9,"{""lng"": 30.296752, ""lat"": 59.922373}"
1,10,"{""lng"": 30.296752, ""lat"": 59.922373}"
1,11,"{""lng"": 30.296752, ""lat"": 59.922373}"
1,12,"{""lng"": 30.286897, ""lat"": 59.922391}"
1,13,"{""lng"": 30.286897, ""lat"": 59.922391}"
1,14,"{""lng"": 30.286897, ""lat"": 59.922391}"
1,15,"{""lng"": 30.309316, ""lat"": 59.924120}"
1,16,"{""lng"": 30.309316, ""lat"": 59.924120}"
1,17,"{""lng"": 30.309316, ""lat"": 59.924120}"
1,18,"{""lng"": 30.316164, ""lat"": 59.928763}"
1,19,"{""lng"": 30.309316, ""lat"": 59.924120}"
1,20,"{""lng"": 30.316164, ""lat"": 59.928763}"
1,21,"{""lng"": 30.309436, ""lat"": 59.927026}"
1,22,"{""lng"": 30.309436, ""lat"": 59.927026}"
1,23,"{""lng"": 30.302156, ""lat"": 59.925885}"
1,24,"{""lng"": 30.302156, ""lat"": 59.925885}"
1,25,"{""lng"": 30.302156, ""lat"": 59.925885}"
1,26,"{""lng"": 30.306262, ""lat"": 59.927062}"
1,27,"{""lng"": 30.306262, ""lat"": 59.927062}"
1,28,"{""lng"": 30.306262, ""lat"": 59.927062}"
1,29,"{""lng"": 30.306262, ""lat"": 59.927062}"
1,30,"{""lng"": 30.299824, ""lat"": 59.931693}"
1,31,"{""lng"": 30.299824, ""lat"": 59.931693}"
1,32,"{""lng"": 30.299824, ""lat"": 59.931693}"
1,33,"{""lng"": 30.327870, ""lat"": 59.923577}"
1,34,"{""lng"": 30.327870, ""lat"": 59.923577}"
1,35,"{""lng"": 30.324797, ""lat"": 59.918250}"
1,36,"{""lng"": 30.324797, ""lat"": 59.918250}"
1,37,"{""lng"": 30.324797, ""lat"": 59.918250}"
1,38,"{""lng"": 30.324797, ""lat"": 59.918250}"
1,39,"{""lng"": 30.324797, ""lat"": 59.918250}"
1,40,"{""lng"": 30.324339, ""lat"": 59.912991}"
1,41,"{""lng"": 30.324797, ""lat"": 59.918250}"
1,42,"{""lng"": 30.309319, ""lat"": 59.913230}"
1,43,"{""lng"": 30.310290, ""lat"": 59.914913}"
1,44,"{""lng"": 30.298989, ""lat"": 59.916753}"
1,45,"{""lng"": 30.305097, ""lat"": 59.914678}"
1,46,"{""lng"": 30.302133, ""lat"": 59.913447}"
1,47,"{""lng"": 30.309319, ""lat"": 59.913230}"
1,48,"{""lng"": 30.309319, ""lat"": 59.913230}"
1,49,"{""lng"": 30.313622, ""lat"": 59.909256}"
1,50,"{""lng"": 30.313622, ""lat"": 59.909256}"
1,51,"{""lng"": 30.309319, ""lat"": 59.913230}"
1,52,"{""lng"": 30.317153, ""lat"": 59.902352}"
1,53,"{""lng"": 30.286305, ""lat"": 59.912441}"
1,54,"{""lng"": 30.286305, ""lat"": 59.912441}"
1,55,"{""lng"": 30.286305, ""lat"": 59.912441}"
1,56,"{""lng"": 30.270270, ""lat"": 59.911990}"
1,57,"{""lng"": 30.296941, ""lat"": 59.907663}"
1,58,"{""lng"": 30.276216, ""lat"": 59.904554}"
1,59,"{""lng"": 30.276216, ""lat"": 59.904554}"
1,60,"{""lng"": 30.276216, ""lat"": 59.904554}"
1,61,"{""lng"": 30.270800, ""lat"": 59.904464}"
1,62,
1,63,
2,104,"{""lng"": 30.290436, ""lat"": 59.942476}"
2,105,"{""lng"": 30.290436, ""lat"": 59.942476}"
2,106,"{""lng"": 30.286705, ""lat"": 59.942350}"
2,107,"{""lng"": 30.2847771, ""lat"": 59.940368}"
2,108,"{""lng"": 30.2847771, ""lat"": 59.940368}"
2,109,"{""lng"": 30.282144, ""lat"": 59.936880}"
2,110,"{""lng"": 30.282144, ""lat"": 59.936880}"
2,111,"{""lng"": 30.281288, ""lat"": 59.935451}"
2,112,"{""lng"": 30.272359, ""lat"": 59.939259}"
2,113,"{""lng"": 30.272359, ""lat"": 59.939259}"
2,114,"{""lng"": 30.281288, ""lat"": 59.935451}"
2,115,"{""lng"": 30.266706, ""lat"": 59.935001}"
2,116,"{""lng"": 30.266706, ""lat"": 59.935001}"
2,117,"{""lng"": 30.266706, ""lat"": 59.935001}"
2,118,"{""lng"": 30.251140, ""lat"": 59.929580}"
2,119,"{""lng"": 30.282824, ""lat"": 59.945698}"
2,120,"{""lng"": 30.282824, ""lat"": 59.945698}"
2,121,"{""lng"": 30.281959, ""lat"": 59.943935}"
2,122,"{""lng"": 30.275253, ""lat"": 59.945169}"
2,123,"{""lng"": 30.277930, ""lat"": 59.943195}"
2,124,"{""lng"": 30.277930, ""lat"": 59.943195}"
2,125,"{""lng"": 30.267156, ""lat"": 59.944808}"
2,126,"{""lng"": 30.267156, ""lat"": 59.944808}"
2,127,"{""lng"": 30.264724, ""lat"": 59.940028}"
2,128,"{""lng"": 30.264229, ""lat"": 59.941552}"
2,129,"{""lng"": 30.267156, ""lat"": 59.944808}"
2,130,"{""lng"": 30.267156, ""lat"": 59.944808}"
2,131,"{""lng"": 30.235362, ""lat"": 59.943020}"
2,132,"{""lng"": 30.247569, ""lat"": 59.931890}"
2,133,"{""lng"": 30.242879, ""lat"": 59.928310}"
2,134,"{""lng"": 30.247156, ""lat"": 59.929888}"
2,135,"{""lng"": 30.238028, ""lat"": 59.931724}"
2,136,"{""lng"": 30.238028, ""lat"": 59.931724}"
2,137,"{""lng"": 30.236554, ""lat"": 59.936532}"
2,138,"{""lng"": 30.242555, ""lat"": 59.934236}"
2,139,"{""lng"": 30.242191, ""lat"": 59.936788}"
2,140,"{""lng"": 30.242191, ""lat"": 59.936788}"
2,141,"{""lng"": 30.238587, ""lat"": 59.940706}"
2,142,"{""lng"": 30.238587, ""lat"": 59.940706}"
2,143,"{""lng"": 30.236207, ""lat"": 59.940264}"
2,144,"{""lng"": 30.236207, ""lat"": 59.940264}"
2,145,"{""lng"": 30.212172, ""lat"": 59.941075}"
2,146,"{""lng"": 30.235362, ""lat"": 59.943020}"
2,147,"{""lng"": 30.225919, ""lat"": 59.943574}"
2,148,"{""lng"": 30.221484, ""lat"": 59.944736}"
2,149,"{""lng"": 30.224512, ""lat"": 59.944142}"
2,150,"{""lng"": 30.221484, ""lat"": 59.944736}"
2,151,"{""lng"": 30.224512, ""lat"": 59.944142}"
2,152,"{""lng"": 30.224512, ""lat"": 59.944142}"
2,153,"{""lng"": 30.221484, ""lat"": 59.944736}"
2,154,"{""lng"": 30.212172, ""lat"": 59.941075}"
2,155,"{""lng"": 30.212466, ""lat"": 59.943765}"
2,156,"{""lng"": 30.210534, ""lat"": 59.942488}"
2,157,"{""lng"": 30.210534, ""lat"": 59.942488}"
2,158,"{""lng"": 30.232984, ""lat"": 59.953112}"
2,159,"{""lng"": 30.228381, ""lat"": 59.952548}"
2,160,"{""lng"": 30.228381, ""lat"": 59.952548}"
2,161,"{""lng"": 30.228381, ""lat"": 59.952548}"
2,162,"{""lng"": 30.225510, ""lat"": 59.953148}"
2,163,"{""lng"": 30.225510, ""lat"": 59.953148}"
2,164,"{""lng"": 30.225510, ""lat"": 59.953148}"
2,165,"{""lng"": 30.228609, ""lat"": 59.953317}"
2,166,"{""lng"": 30.228609, ""lat"": 59.953317}"
2,167,"{""lng"": 30.218795, ""lat"": 59.957377}"
2,168,"{""lng"": 30.218795, ""lat"": 59.957377}"
2,169,"{""lng"": 30.218795, ""lat"": 59.957377}"
2,170,"{""lng"": 30.218795, ""lat"": 59.957377}"
2,171,"{""lng"": 30.218795, ""lat"": 59.957377}"
2,172,"{""lng"": 30.227599, ""lat"": 59.958724}"
2,173,"{""lng"": 30.227599, ""lat"": 59.958724}"
2,174,"{""lng"": 30.227599, ""lat"": 59.958724}"
2,175,"{""lng"": 30.247137, ""lat"": 59.953486}"
2,176,"{""lng"": 30.235611, ""lat"": 59.952257}"
2,177,"{""lng"": 30.242955, ""lat"": 59.951618}"
2,178,"{""lng"": 30.242955, ""lat"": 59.951618}"
2,179,"{""lng"": 30.247137, ""lat"": 59.953486}"
2,180,"{""lng"": 30.248524, ""lat"": 59.939084}"
2,181,"{""lng"": 30.224512, ""lat"": 59.944142}"
2,182,"{""lng"": 30.264038, ""lat"": 59.949336}"
2,183,
2,184,
2,185,
2,186,
2,187,
2,188,
2,189,
2,190,
2,191,
2,192,
2,193,
2,194,
3,576,"{""lng"": 30.279325, ""lat"": 59.899500}"
3,577,"{""lng"": 30.287149, ""lat"": 59.897244}"
3,578,"{""lng"": 30.287149, ""lat"": 59.897244}"
3,579,"{""lng"": 30.277441, ""lat"": 59.890978}"
3,580,"{""lng"": 30.271393, ""lat"": 59.885774}"
3,581,"{""lng"": 30.271393, ""lat"": 59.885774}"
3,582,"{""lng"": 30.274698, ""lat"": 59.897551}"
3,583,"{""lng"": 30.268536, ""lat"": 59.897835}"
3,584,"{""lng"": 30.271366, ""lat"": 59.892830}"
3,585,"{""lng"": 30.271366, ""lat"": 59.892830}"
3,586,"{""lng"": 30.268536, ""lat"": 59.897835}"
3,587,"{""lng"": 30.265724, ""lat"": 59.887273}"
3,588,"{""lng"": 30.255411, ""lat"": 59.910113}"
3,589,"{""lng"": 30.255411, ""lat"": 59.910113}"
3,590,"{""lng"": 30.217332, ""lat"": 59.903801}"
3,591,"{""lng"": 30.217332, ""lat"": 59.903801}"
3,592,"{""lng"": 30.255510, ""lat"": 59.871328}"
3,593,"{""lng"": 30.255510, ""lat"": 59.871328}"
3,594,"{""lng"": 30.269910, ""lat"": 59.871852}"
3,595,"{""lng"": 30.264475, ""lat"": 59.867940}"
3,596,"{""lng"": 30.264475, ""lat"": 59.867940}"
3,597,"{""lng"": 30.266640, ""lat"": 59.877226}"
3,598,"{""lng"": 30.260235, ""lat"": 59.876274}"
3,599,"{""lng"": 30.267260, ""lat"": 59.873415}"
3,600,"{""lng"": 30.254181, ""lat"": 59.873261}"
3,601,"{""lng"": 30.267260, ""lat"": 59.873415}"
3,602,"{""lng"": 30.270207, ""lat"": 59.882699}"
3,603,"{""lng"": 30.266640, ""lat"": 59.877226}"
3,604,"{""lng"": 30.272264, ""lat"": 59.874309}"
3,605,"{""lng"": 30.269910, ""lat"": 59.871852}"
3,606,"{""lng"": 30.272183, ""lat"": 59.879389}"
3,607,"{""lng"": 30.275740, ""lat"": 59.869137}"
3,608,"{""lng"": 30.267808, ""lat"": 59.866585}"
3,609,"{""lng"": 30.267808, ""lat"": 59.866585}"
3,610,"{""lng"": 30.267808, ""lat"": 59.866585}"
3,611,"{""lng"": 30.261520, ""lat"": 59.853003}"
3,612,"{""lng"": 30.261520, ""lat"": 59.853003}"
3,613,"{""lng"": 30.261520, ""lat"": 59.853003}"
3,614,"{""lng"": 30.274815, ""lat"": 59.854684}"
3,615,"{""lng"": 30.274815, ""lat"": 59.854684}"
3,616,"{""lng"": 30.274573, ""lat"": 59.849767}"
3,617,"{""lng"": 30.262158, ""lat"": 59.849749}"
3,618,"{""lng"": 30.262158, ""lat"": 59.849749}"
3,619,"{""lng"": 30.275130, ""lat"": 59.846554}"
3,620,"{""lng"": 30.275130, ""lat"": 59.846554}"
3,621,"{""lng"": 30.275130, ""lat"": 59.846554}"
3,622,"{""lng"": 30.264305, ""lat"": 59.847024}"
3,623,"{""lng"": 30.264305, ""lat"": 59.847024}"
3,624,"{""lng"": 30.269452, ""lat"": 59.842255}"
3,625,"{""lng"": 30.269452, ""lat"": 59.842255}"
3,626,"{""lng"": 30.267521, ""lat"": 59.840049}"
3,627,"{""lng"": 30.267521, ""lat"": 59.840049}"
3,628,"{""lng"": 30.256885, ""lat"": 59.844918}"
3,629,"{""lng"": 30.256885, ""lat"": 59.844918}"
3,630,"{""lng"": 30.256885, ""lat"": 59.844918}"
3,631,"{""lng"": 30.263155, ""lat"": 59.839660}"
3,632,"{""lng"": 30.263155, ""lat"": 59.839660}"
3,645,
3,646,
3,647,
3,648,
3,649,
3,650,
3,651,
3,652,
3,653,
3,654,
3,655,
3,656,
3,657,
3,658,
3,659,
3,660,
3,661,
3,662,
3,663,
3,664,
3,665,
3,666,
3,667,
3,668,
3,669,
3,670,
3,671,
3,672,
3,673,
3,674,
3,675,
3,676,
3,677,
3,678,
3,679,
3,680,
3,681,
3,682,
3,683,
3,684,
3,685,
3,686,
3,687,
3,688,
3,689,
3,690,
3,691,
3,692,
3,693,
3,694,
3,695,
3,696,
3,697,
3,698,
3,699,
3,700,
3,701,
3,702,
3,703,
3,704,
3,705,
3,706,
3,707,
3,708,
3,709,
3,710,
3,711,
3,712,
3,713,
3,714,
3,715,
3,716,
3,717,
3,718,
3,719,
3,720,
3,721,
3,722,
3,723,
3,724,
3,725,
3,726,
3,727,
3,728,
3,729,
3,730,
3,731,
3,732,
3,733,
3,734,
3,735,
3,736,
3,737,
3,738,
3,739,
3,740,
3,741,
3,742,
3,743,
3,744,
4,901,"{""lng"": 30.450085, ""lat"": 59.997091}"
4,902,"{""lng"": 30.450085, ""lat"": 59.997091}"
4,903,"{""lng"": 30.425552, ""lat"": 59.976693}"
4,904,"{""lng"": 30.425552, ""lat"": 59.976693}"
4,905,"{""lng"": 30.425552, ""lat"": 59.976693}"
4,906,"{""lng"": 30.424888, ""lat"": 59.970952}"
4,907,"{""lng"": 30.424888, ""lat"": 59.970952}"
4,908,"{""lng"": 30.424888, ""lat"": 59.970952}"
4,909,"{""lng"": 30.424888, ""lat"": 59.970952}"
4,910,"{""lng"": 30.430790, ""lat"": 59.970353}"
4,911,"{""lng"": 30.430790, ""lat"": 59.970353}"
4,912,"{""lng"": 30.430790, ""lat"": 59.970353}"
4,913,"{""lng"": 30.431050, ""lat"": 59.967538}"
4,914,"{""lng"": 30.431050, ""lat"": 59.967538}"
4,915,"{""lng"": 30.431050, ""lat"": 59.967538}"
4,916,"{""lng"": 30.431050, ""lat"": 59.967538}"
4,917,"{""lng"": 30.412006, ""lat"": 59.964530}"
4,918,"{""lng"": 30.412006, ""lat"": 59.964530}"
4,919,"{""lng"": 30.412006, ""lat"": 59.964530}"
4,920,"{""lng"": 30.412006, ""lat"": 59.964530}"
4,921,"{""lng"": 30.417521, ""lat"": 59.945900}"
4,922,"{""lng"": 30.417521, ""lat"": 59.945900}"
4,923,"{""lng"": 30.411350, ""lat"": 59.949276}"
4,924,"{""lng"": 30.411350, ""lat"": 59.949276}"
4,925,"{""lng"": 30.410182, ""lat"": 59.956683}"
4,926,"{""lng"": 30.410182, ""lat"": 59.956683}"
4,927,"{""lng"": 30.412194, ""lat"": 59.954218}"
4,928,"{""lng"": 30.412194, ""lat"": 59.954218}"
4,929,"{""lng"": 30.416991, ""lat"": 59.951502}"
4,930,"{""lng"": 30.416991, ""lat"": 59.951502}"
4,931,"{""lng"": 30.418411, ""lat"": 59.957124}"
4,932,"{""lng"": 30.418411, ""lat"": 59.957124}"
4,933,"{""lng"": 30.423540, ""lat"": 59.956422}"
4,934,"{""lng"": 30.423540, ""lat"": 59.956422}"
4,935,"{""lng"": 30.427762, ""lat"": 59.954822}"
4,936,"{""lng"": 30.427762, ""lat"": 59.954822}"
4,937,"{""lng"": 30.432604, ""lat"": 59.958323}"
4,938,"{""lng"": 30.432604, ""lat"": 59.958323}"
4,939,"{""lng"": 30.443474, ""lat"": 59.956931}"
4,940,"{""lng"": 30.443474, ""lat"": 59.956931}"
4,941,"{""lng"": 30.405017, ""lat"": 59.936151}"
4,942,"{""lng"": 30.405017, ""lat"": 59.936151}"
4,943,"{""lng"": 30.413030, ""lat"": 59.931756}"
4,944,"{""lng"": 30.413030, ""lat"": 59.931756}"
4,945,"{""lng"": 30.407424, ""lat"": 59.932901}"
4,946,"{""lng"": 30.407649, ""lat"": 59.924240}"
4,947,"{""lng"": 30.407649, ""lat"": 59.924240}"
4,948,"{""lng"": 30.413802, ""lat"": 59.924510}"
4,949,"{""lng"": 30.417602, ""lat"": 59.926652}"
4,950,"{""lng"": 30.417602, ""lat"": 59.926652}"
4,951,"{""lng"": 30.421142, ""lat"": 59.923532}"
4,952,"{""lng"": 30.421142, ""lat"": 59.923532}"
4,953,"{""lng"": 30.421142, ""lat"": 59.923532}"
4,954,"{""lng"": 30.423145, ""lat"": 59.928523}"
4,955,"{""lng"": 30.423145, ""lat"": 59.928523}"
4,956,"{""lng"": 30.423145, ""lat"": 59.928523}"
4,957,"{""lng"": 30.423145, ""lat"": 59.928523}"
4,958,
4,959,
4,960,"{""lng"": 30.454361, ""lat"": 60.027242}"
4,961,"{""lng"": 30.454361, ""lat"": 60.027242}"
4,962,"{""lng"": 30.454361, ""lat"": 60.027242}"
4,963,
5,1422,"{""lng"": 30.501460, ""lat"": 59.862090}"
5,1423,"{""lng"": 30.501460, ""lat"": 59.862090}"
5,1424,"{""lng"": 30.501460, ""lat"": 59.862090}"
5,1425,"{""lng"": 30.467746, ""lat"": 59.871825}"
5,1426,"{""lng"": 30.467746, ""lat"": 59.871825}"
5,1427,"{""lng"": 30.467746, ""lat"": 59.871825}"
5,1428,"{""lng"": 30.460569, ""lat"": 59.876531}"
5,1429,"{""lng"": 30.460569, ""lat"": 59.876531}"
5,1430,"{""lng"": 30.462653, ""lat"": 59.882568}"
5,1431,"{""lng"": 30.462653, ""lat"": 59.882568}"
5,1432,"{""lng"": 30.462653, ""lat"": 59.882568}"
5,1433,"{""lng"": 30.480224, ""lat"": 59.881868}"
5,1434,"{""lng"": 30.480224, ""lat"": 59.881868}"
5,1435,"{""lng"": 30.480224, ""lat"": 59.881868}"
5,1436,"{""lng"": 30.480224, ""lat"": 59.881868}"
5,1437,"{""lng"": 30.480224, ""lat"": 59.881868}"
5,1438,"{""lng"": 30.471959, ""lat"": 59.884112}"
5,1439,"{""lng"": 30.471959, ""lat"": 59.884112}"
5,1440,"{""lng"": 30.471959, ""lat"": 59.884112}"
5,1441,"{""lng"": 30.486494, ""lat"": 59.890884}"
5,1442,"{""lng"": 30.486494, ""lat"": 59.890884}"
5,1443,"{""lng"": 30.493115, ""lat"": 59.898273}"
5,1444,"{""lng"": 30.493115, ""lat"": 59.898273}"
5,1445,"{""lng"": 30.486099, ""lat"": 59.896892}"
5,1446,"{""lng"": 30.486099, ""lat"": 59.896892}"
5,1447,"{""lng"": 30.482721, ""lat"": 59.895854}"
5,1448,"{""lng"": 30.482721, ""lat"": 59.895854}"
5,1449,"{""lng"": 30.482721, ""lat"": 59.895854}"
5,1450,"{""lng"": 30.472912, ""lat"": 59.892333}"
5,1451,"{""lng"": 30.472912, ""lat"": 59.892333}"
5,1452,"{""lng"": 30.472912, ""lat"": 59.892333}"
5,1453,"{""lng"": 30.472912, ""lat"": 59.892333}"
5,1454,"{""lng"": 30.472912, ""lat"": 59.892333}"
5,1455,"{""lng"": 30.464782, ""lat"": 59.897126}"
5,1456,"{""lng"": 30.464782, ""lat"": 59.897126}"
5,1457,"{""lng"": 30.468312, ""lat"": 59.90136}"
5,1458,"{""lng"": 30.468312, ""lat"": 59.90136}"
5,1459,"{""lng"": 30.468312, ""lat"": 59.90136}"
5,1460,"{""lng"": 30.468312, ""lat"": 59.90136}"
5,1461,"{""lng"": 30.481616, ""lat"": 59.904311}"
5,1462,"{""lng"": 30.481616, ""lat"": 59.904311}"
5,1463,"{""lng"": 30.481616, ""lat"": 59.904311}"
5,1464,"{""lng"": 30.481616, ""lat"": 59.904311}"
5,1465,"{""lng"": 30.481616, ""lat"": 59.904311}"
5,1466,"{""lng"": 30.462509, ""lat"": 59.903602}"
5,1467,"{""lng"": 30.462509, ""lat"": 59.903602}"
5,1468,"{""lng"": 30.462509, ""lat"": 59.903602}"
5,1469,"{""lng"": 30.462509, ""lat"": 59.903602}"
5,1470,"{""lng"": 30.471483, ""lat"": 59.906179}"
5,1471,"{""lng"": 30.471483, ""lat"": 59.906179}"
5,1472,"{""lng"": 30.478517, ""lat"": 59.907871}"
5,1473,"{""lng"": 30.478517, ""lat"": 59.907871}"
5,1474,"{""lng"": 30.478517, ""lat"": 59.907871}"
5,1475,"{""lng"": 30.478517, ""lat"": 59.907871}"
5,1476,"{""lng"": 30.455915, ""lat"": 59.912098}"
5,1477,"{""lng"": 30.455915, ""lat"": 59.912098}"
5,1478,"{""lng"": 30.455915, ""lat"": 59.912098}"
5,1479,"{""lng"": 30.455915, ""lat"": 59.912098}"
5,1480,"{""lng"": 30.466713, ""lat"": 59.915197}"
5,1481,"{""lng"": 30.466713, ""lat"": 59.915197}"
5,1482,"{""lng"": 30.466713, ""lat"": 59.915197}"
5,1483,"{""lng"": 30.466713, ""lat"": 59.915197}"
5,1484,"{""lng"": 30.468195, ""lat"": 59.914556}"
5,1485,"{""lng"": 30.468195, ""lat"": 59.914556}"
5,1486,"{""lng"": 30.468195, ""lat"": 59.914556}"
5,1487,"{""lng"": 30.468195, ""lat"": 59.914556}"
5,1488,"{""lng"": 30.476702, ""lat"": 59.917533}"
5,1489,"{""lng"": 30.476702, ""lat"": 59.917533}"
5,1490,"{""lng"": 30.476702, ""lat"": 59.917533}"
5,1491,"{""lng"": 30.476702, ""lat"": 59.917533}"
5,1492,"{""lng"": 30.476702, ""lat"": 59.917533}"
5,1493,"{""lng"": 30.487015, ""lat"": 59.919017}"
5,1494,"{""lng"": 30.487015, ""lat"": 59.919017}"
5,1495,"{""lng"": 30.489018, ""lat"": 59.919477}"
5,1496,"{""lng"": 30.489018, ""lat"": 59.919477}"
5,1497,"{""lng"": 30.489018, ""lat"": 59.919477}"
5,1498,"{""lng"": 30.491812, ""lat"": 59.912896}"
5,1499,"{""lng"": 30.491812, ""lat"": 59.912896}"
5,1500,"{""lng"": 30.491812, ""lat"": 59.912896}"
5,1501,"{""lng"": 30.491812, ""lat"": 59.912896}"
5,1502,"{""lng"": 30.491812, ""lat"": 59.912896}"
5,1503,"{""lng"": 30.500436, ""lat"": 59.923306}"
5,1504,"{""lng"": 30.500436, ""lat"": 59.923306}"
5,1505,"{""lng"": 30.500436, ""lat"": 59.923306}"
5,1506,"{""lng"": 30.496052, ""lat"": 59.923238}"
5,1507,"{""lng"": 30.496052, ""lat"": 59.923238}"
5,1508,
5,1509,"{""lng"": 30.482344, ""lat"": 59.925876}"
5,1510,"{""lng"": 30.482344, ""lat"": 59.925876}"
5,1511,"{""lng"": 30.482344, ""lat"": 59.925876}"
5,1512,"{""lng"": 30.481823, ""lat"": 59.928032}"
5,1513,"{""lng"": 30.481823, ""lat"": 59.928032}"
5,1514,"{""lng"": 30.481823, ""lat"": 59.928032}"
5,1515,"{""lng"": 30.467225, ""lat"": 59.929691}"
5,1516,"{""lng"": 30.467225, ""lat"": 59.929691}"
5,1517,"{""lng"": 30.467225, ""lat"": 59.929691}"
5,1518,"{""lng"": 30.465572, ""lat"": 59.928005}"
5,1519,"{""lng"": 30.465572, ""lat"": 59.928005}"
5,1520,"{""lng"": 30.465572, ""lat"": 59.928005}"
5,1521,"{""lng"": 30.456733, ""lat"": 59.925123}"
5,1522,"{""lng"": 30.456733, ""lat"": 59.925123}"
5,1523,"{""lng"": 30.456733, ""lat"": 59.925123}"
5,1524,"{""lng"": 30.449861, ""lat"": 59.920767}"
5,1525,"{""lng"": 30.449861, ""lat"": 59.920767}"
5,1526,"{""lng"": 30.445558, ""lat"": 59.915716}"
5,1527,"{""lng"": 30.449861, ""lat"": 59.920767}"
5,1528,"{""lng"": 30.449861, ""lat"": 59.920767}"
5,1529,"{""lng"": 30.456401, ""lat"": 59.91945}"
5,1530,"{""lng"": 30.458673, ""lat"": 59.920000}"
5,1531,"{""lng"": 30.458673, ""lat"": 59.920000}"
5,1532,"{""lng"": 30.445558, ""lat"": 59.915716}"
5,1533,"{""lng"": 30.509482, ""lat"": 59.863057}"
5,1534,"{""lng"": 30.509482, ""lat"": 59.863057}"
5,1535,"{""lng"": 30.467225, ""lat"": 59.929691}"
5,1536,"{""lng"": 30.433305, ""lat"": 59.916216}"
5,1537,
5,1538,
6,1058,"{""lng"": 30.204432, ""lat"": 59.848497}"
6,1059,"{""lng"": 30.204432, ""lat"": 59.848497}"
6,1060,"{""lng"": 30.204432, ""lat"": 59.848497}"
6,1061,"{""lng"": 30.202168, ""lat"": 59.848285}"
6,1062,"{""lng"": 30.202168, ""lat"": 59.848285}"
6,1063,"{""lng"": 30.202168, ""lat"": 59.848285}"
6,1064,"{""lng"": 30.206399, ""lat"": 59.851833}"
6,1065,"{""lng"": 30.206399, ""lat"": 59.851833}"
6,1066,"{""lng"": 30.206399, ""lat"": 59.851833}"
6,1067,"{""lng"": 30.209639, ""lat"": 59.851318}"
6,1068,"{""lng"": 30.209639, ""lat"": 59.851318}"
6,1069,"{""lng"": 30.209639, ""lat"": 59.851318}"
6,1070,"{""lng"": 30.209639, ""lat"": 59.851318}"
6,1071,"{""lng"": 30.215346, ""lat"": 59.855948}"
6,1072,"{""lng"": 30.215346, ""lat"": 59.855948}"
6,1073,"{""lng"": 30.208115, ""lat"": 59.857750}"
6,1074,"{""lng"": 30.208115, ""lat"": 59.857750}"
6,1075,"{""lng"": 30.208115, ""lat"": 59.857750}"
6,1076,"{""lng"": 30.219783, ""lat"": 59.858872}"
6,1077,"{""lng"": 30.215346, ""lat"": 59.855948}"
6,1078,"{""lng"": 30.215346, ""lat"": 59.855948}"
6,1079,"{""lng"": 30.223987, ""lat"": 59.857437}"
6,1080,"{""lng"": 30.223987, ""lat"": 59.857437}"
6,1081,"{""lng"": 30.223987, ""lat"": 59.857437}"
6,1082,"{""lng"": 30.219783, ""lat"": 59.858872}"
6,1086,"{""lng"": 30.129252, ""lat"": 59.844199}"
6,1087,"{""lng"": 30.129252, ""lat"": 59.844199}"
6,1088,"{""lng"": 30.132764, ""lat"": 59.840478}"
6,1089,"{""lng"": 30.132764, ""lat"": 59.840478}"
6,1090,"{""lng"": 30.143248, ""lat"": 59.838607}"
6,1091,"{""lng"": 30.132738, ""lat"": 59.837688}"
6,1092,"{""lng"": 30.132738, ""lat"": 59.837688}"
6,1093,"{""lng"": 30.132764, ""lat"": 59.840478}"
6,1094,"{""lng"": 30.110352, ""lat"": 59.842133}"
6,1095,"{""lng"": 30.147946, ""lat"": 59.838815}"
6,1096,"{""lng"": 30.145368, ""lat"": 59.841202}"
6,1097,"{""lng"": 30.145368, ""lat"": 59.841202}"
6,1098,"{""lng"": 30.148277, ""lat"": 59.841313}"
6,1099,"{""lng"": 30.152474, ""lat"": 59.835758}"
6,1100,"{""lng"": 30.162472, ""lat"": 59.842621}"
6,1101,"{""lng"": 30.162472, ""lat"": 59.842621}"
6,1102,"{""lng"": 30.162472, ""lat"": 59.842621}"
6,1103,"{""lng"": 30.191730, ""lat"": 59.849288}"
6,1104,"{""lng"": 30.191730, ""lat"": 59.849288}"
6,1105,"{""lng"": 30.188326, ""lat"": 59.849288}"
6,1106,"{""lng"": 30.188326, ""lat"": 59.849288}"
6,1107,"{""lng"": 30.189974, ""lat"": 59.855435}"
6,1108,"{""lng"": 30.189974, ""lat"": 59.855435}"
6,1109,"{""lng"": 30.189974, ""lat"": 59.855435}"
6,1110,"{""lng"": 30.189974, ""lat"": 59.855435}"
6,1111,"{""lng"": 30.189974, ""lat"": 59.855435}"
6,1112,"{""lng"": 30.196374, ""lat"": 59.860016}"
6,1113,"{""lng"": 30.188326, ""lat"": 59.849288}"
6,1114,"{""lng"": 30.182729, ""lat"": 59.852005}"
6,1115,"{""lng"": 30.180878, ""lat"": 59.852258}"
6,1116,"{""lng"": 30.180878, ""lat"": 59.852258}"
6,1117,"{""lng"": 30.182729, ""lat"": 59.852005}"
6,1118,"{""lng"": 30.180878, ""lat"": 59.852258}"
6,1119,"{""lng"": 30.185263, ""lat"": 59.857439}"
6,1120,"{""lng"": 30.185263, ""lat"": 59.857439}"
6,1121,"{""lng"": 30.185263, ""lat"": 59.857439}"
6,1122,"{""lng"": 30.166290, ""lat"": 59.859461}"
6,1123,"{""lng"": 30.169083, ""lat"": 59.860034}"
6,1124,"{""lng"": 30.139329, ""lat"": 59.850417}"
6,1125,"{""lng"": 30.166290, ""lat"": 59.859461}"
6,1126,"{""lng"": 30.166290, ""lat"": 59.859461}"
6,1127,"{""lng"": 30.169083, ""lat"": 59.860034}"
6,1128,"{""lng"": 30.169083, ""lat"": 59.860034}"
6,1129,"{""lng"": 30.182846, ""lat"": 59.862162}"
6,1130,"{""lng"": 30.196374, ""lat"": 59.860016}"
6,1131,"{""lng"": 30.196374, ""lat"": 59.860016}"
6,1132,"{""lng"": 30.196374, ""lat"": 59.860016}"
6,1133,"{""lng"": 30.166290, ""lat"": 59.859461}"
6,1134,"{""lng"": 30.169083, ""lat"": 59.860034}"
6,1135,"{""lng"": 30.169083, ""lat"": 59.860034}"
6,1136,"{""lng"": 30.152644, ""lat"": 59.851711}"
6,1137,"{""lng"": 30.152644, ""lat"": 59.851711}"
6,1138,"{""lng"": 30.139951, ""lat"": 59.850450}"
7,633,"{""lng"": 30.246258, ""lat"": 59.861593}"
7,634,"{""lng"": 30.246258, ""lat"": 59.861593}"
7,635,"{""lng"": 30.245120, ""lat"": 59.861312}"
7,636,"{""lng"": 30.245120, ""lat"": 59.861312}"
7,637,"{""lng"": 30.242296, ""lat"": 59.857188}"
7,638,"{""lng"": 30.242296, ""lat"": 59.857188}"
7,639,"{""lng"": 30.242296, ""lat"": 59.857188}"
7,640,"{""lng"": 30.242296, ""lat"": 59.857188}"
7,641,"{""lng"": 30.232567, ""lat"": 59.854359}"
7,642,"{""lng"": 30.233762, ""lat"": 59.855588}"
7,643,"{""lng"": 30.232567, ""lat"": 59.854359}"
7,644,"{""lng"": 30.233762, ""lat"": 59.855588}"
7,757,"{""lng"": 30.219596, ""lat"": 59.835677}"
7,758,"{""lng"": 30.219596, ""lat"": 59.835677}"
7,759,"{""lng"": 30.225048, ""lat"": 59.831878}"
7,760,"{""lng"": 30.225048, ""lat"": 59.831878}"
7,761,"{""lng"": 30.227931, ""lat"": 59.829146}"
7,762,"{""lng"": 30.227931, ""lat"": 59.829146}"
7,763,"{""lng"": 30.220099, ""lat"": 59.827270}"
7,764,"{""lng"": 30.220099, ""lat"": 59.827270}"
7,765,"{""lng"": 30.215841, ""lat"": 59.831996}"
7,766,"{""lng"": 30.215841, ""lat"": 59.831996}"
7,767,"{""lng"": 30.215841, ""lat"": 59.831996}"
7,768,"{""lng"": 30.211825, ""lat"": 59.829776}"
7,769,"{""lng"": 30.211825, ""lat"": 59.829776}"
7,770,"{""lng"": 30.220099, ""lat"": 59.827270}"
7,771,"{""lng"": 30.219596, ""lat"": 59.835677}"
7,772,"{""lng"": 30.207235, ""lat"": 59.836911}"
7,773,"{""lng"": 30.207235, ""lat"": 59.836911}"
7,774,"{""lng"": 30.207235, ""lat"": 59.836911}"
7,775,"{""lng"": 30.204333, ""lat"": 59.835537}"
7,776,"{""lng"": 30.204333, ""lat"": 59.835537}"
7,777,"{""lng"": 30.198791, ""lat"": 59.831548}"
7,778,"{""lng"": 30.198791, ""lat"": 59.831548}"
7,779,"{""lng"": 30.198791, ""lat"": 59.831548}"
7,780,"{""lng"": 30.194964, ""lat"": 59.826447}"
7,781,"{""lng"": 30.198818, ""lat"": 59.828310}"
7,782,"{""lng"": 30.194964, ""lat"": 59.826447}"
7,783,"{""lng"": 30.198818, ""lat"": 59.828310}"
7,784,"{""lng"": 30.198090, ""lat"": 59.825520}"
7,785,"{""lng"": 30.211825, ""lat"": 59.829776}"
7,786,"{""lng"": 30.198791, ""lat"": 59.831548}"
7,787,"{""lng"": 30.252384, ""lat"": 59.854544}"
7,788,"{""lng"": 30.252384, ""lat"": 59.854544}"
7,789,"{""lng"": 30.246060, ""lat"": 59.854576}"
7,790,"{""lng"": 30.252663, ""lat"": 59.848452}"
7,791,"{""lng"": 30.252663, ""lat"": 59.848452}"
7,792,"{""lng"": 30.252663, ""lat"": 59.848452}"
7,793,"{""lng"": 30.252663, ""lat"": 59.848452}"
7,794,"{""lng"": 30.239592, ""lat"": 59.843290}"
7,795,"{""lng"": 30.239224, ""lat"": 59.848647}"
7,796,"{""lng"": 30.239224, ""lat"": 59.848647}"
7,797,"{""lng"": 30.231067, ""lat"": 59.848565}"
7,798,"{""lng"": 30.231067, ""lat"": 59.848565}"
7,799,"{""lng"": 30.239592, ""lat"": 59.843290}"
7,800,"{""lng"": 30.239592, ""lat"": 59.843290}"
7,801,"{""lng"": 30.251100, ""lat"": 59.849677}"
7,802,"{""lng"": 30.252600, ""lat"": 59.839976}"
7,803,"{""lng"": 30.252600, ""lat"": 59.839976}"
7,804,"{""lng"": 30.260406, ""lat"": 59.835559}"
7,805,"{""lng"": 30.260406, ""lat"": 59.835559}"
7,806,"{""lng"": 30.252600, ""lat"": 59.839976}"
7,807,"{""lng"": 30.255555, ""lat"": 59.834157}"
7,808,"{""lng"": 30.245862, ""lat"": 59.837748}"
7,809,"{""lng"": 30.245862, ""lat"": 59.837748}"
7,810,"{""lng"": 30.232100, ""lat"": 59.840112}"
7,811,"{""lng"": 30.232100, ""lat"": 59.840112}"
7,812,"{""lng"": 30.225866, ""lat"": 59.844795}"
7,813,"{""lng"": 30.225866, ""lat"": 59.844795}"
7,814,"{""lng"": 30.225866, ""lat"": 59.844795}"
7,815,
8,1674,"{""lng"": 30.050714, ""lat"": 59.847221}"
8,1675,"{""lng"": 30.033070, ""lat"": 59.854104}"
8,1676,"{""lng"": 30.038396, ""lat"": 59.853694}"
8,1677,"{""lng"": 30.023427, ""lat"": 59.845886}"
8,1678,"{""lng"": 30.022892, ""lat"": 59.853122}"
8,1679,"{""lng"": 30.022892, ""lat"": 59.853122}"
8,1680,"{""lng"": 30.025325, ""lat"": 59.854474}"
8,1681,
8,1682,"{""lng"": 29.950939, ""lat"": 59.855412}"
8,1683,"{""lng"": 29.927622, ""lat"": 59.876905}"
8,1684,"{""lng"": 29.918230, ""lat"": 59.870561}"
8,1685,"{""lng"": 29.918230, ""lat"": 59.870561}"
8,1686,"{""lng"": 29.911343, ""lat"": 59.880488}"
8,1687,"{""lng"": 29.908238, ""lat"": 59.871301}"
8,1688,"{""lng"": 29.908238, ""lat"": 59.871301}"
8,1689,"{""lng"": 29.896161, ""lat"": 59.874732}"
8,1690,"{""lng"": 29.889257, ""lat"": 59.876182}"
8,1691,"{""lng"": 29.889257, ""lat"": 59.876182}"
8,1692,
8,1693,"{""lng"": 29.863245, ""lat"": 59.868257}"
8,1694,"{""lng"": 29.863245, ""lat"": 59.868257}"
8,1695,"{""lng"": 29.861348, ""lat"": 59.869169}"
8,1696,"{""lng"": 29.861348, ""lat"": 59.869169}"
8,1697,"{""lng"": 29.863261, ""lat"": 59.869914}"
8,1698,"{""lng"": 29.863261, ""lat"": 59.869914}"
8,1699,"{""lng"": 29.876083, ""lat"": 59.889643}"
8,1700,"{""lng"": 29.860436, ""lat"": 59.887426}"
8,1701,"{""lng"": 29.823573, ""lat"": 59.881543}"
8,1702,
8,1706,"{""lng"": 29.815233, ""lat"": 59.901224}"
8,1707,"{""lng"": 29.774668, ""lat"": 59.914762}"
8,1708,"{""lng"": 29.774668, ""lat"": 59.914762}"
8,1709,"{""lng"": 29.779436, ""lat"": 59.910791}"
8,1710,"{""lng"": 29.779436, ""lat"": 59.910791}"
8,1711,"{""lng"": 29.770365, ""lat"": 59.906224}"
8,1712,"{""lng"": 29.770365, ""lat"": 59.906224}"
8,1713,"{""lng"": 29.778763, ""lat"": 59.907302}"
8,1714,"{""lng"": 29.778383, ""lat"": 59.902455}"
8,1715,"{""lng"": 29.778383, ""lat"": 59.902455}"
8,1716,"{""lng"": 29.763373, ""lat"": 59.909789}"
8,1717,"{""lng"": 29.763373, ""lat"": 59.909789}"
8,1718,"{""lng"": 29.778539, ""lat"": 59.897904}"
8,1719,"{""lng"": 29.778539, ""lat"": 59.897904}"
8,1720,"{""lng"": 29.773778, ""lat"": 59.896856}"
8,1721,"{""lng"": 29.772280, ""lat"": 59.897970}"
8,1722,"{""lng"": 29.772280, ""lat"": 59.897970}"
8,1723,"{""lng"": 29.778437, ""lat"": 59.909586}"
9,1793,"{""lng"": 30.262678, ""lat"": 59.986868}"
9,1794,"{""lng"": 30.262678, ""lat"": 59.986868}"
9,1795,"{""lng"": 30.270370, ""lat"": 59.983201}"
9,1796,"{""lng"": 30.285623, ""lat"": 59.988192}"
9,1797,"{""lng"": 30.290687, ""lat"": 59.988826}"
9,1798,"{""lng"": 30.290687, ""lat"": 59.988826}"
9,1799,"{""lng"": 30.285623, ""lat"": 59.988192}"
9,1800,"{""lng"": 30.299011, ""lat"": 59.988207}"
9,1801,"{""lng"": 30.302263, ""lat"": 59.991621}"
9,1802,"{""lng"": 30.302263, ""lat"": 59.991621}"
9,1803,"{""lng"": 30.313501, ""lat"": 59.995304}"
9,1804,"{""lng"": 30.319915, ""lat"": 59.998294}"
9,1805,"{""lng"": 30.319915, ""lat"": 59.998294}"
9,1806,"{""lng"": 30.309773, ""lat"": 59.990288}"
9,1807,"{""lng"": 30.309773, ""lat"": 59.990288}"
9,1808,"{""lng"": 30.316925, ""lat"": 59.992474}"
9,1809,"{""lng"": 30.317380, ""lat"": 59.989249}"
9,1810,"{""lng"": 30.317380, ""lat"": 59.989249}"
9,1812,"{""lng"": 30.274624, ""lat"": 60.015611}"
9,1813,"{""lng"": 30.274624, ""lat"": 60.015611}"
9,1814,"{""lng"": 30.274624, ""lat"": 60.015611}"
9,1815,"{""lng"": 30.274624, ""lat"": 60.015611}"
9,1816,"{""lng"": 30.260633, ""lat"": 60.014313}"
9,1817,"{""lng"": 30.270240, ""lat"": 60.009431}"
9,1818,"{""lng"": 30.270240, ""lat"": 60.009431}"
9,1819,"{""lng"": 30.270240, ""lat"": 60.009431}"
9,1820,"{""lng"": 30.270240, ""lat"": 60.009431}"
9,1821,"{""lng"": 30.265846, ""lat"": 60.011460}"
9,1822,"{""lng"": 30.265846, ""lat"": 60.011460}"
9,1823,"{""lng"": 30.265846, ""lat"": 60.011460}"
9,1824,"{""lng"": 30.258913, ""lat"": 60.012476}"
9,1825,"{""lng"": 30.258913, ""lat"": 60.012476}"
9,1826,"{""lng"": 30.258913, ""lat"": 60.012476}"
9,1827,"{""lng"": 30.256663, ""lat"": 60.014120}"
9,1828,"{""lng"": 30.256663, ""lat"": 60.014120}"
9,1829,"{""lng"": 30.256663, ""lat"": 60.014120}"
9,1830,"{""lng"": 30.250848, ""lat"": 60.011284}"
9,1831,"{""lng"": 30.250848, ""lat"": 60.011284}"
9,1832,"{""lng"": 30.250848, ""lat"": 60.011284}"
9,1833,"{""lng"": 30.245575, ""lat"": 60.013649}"
9,1834,"{""lng"": 30.250848, ""lat"": 60.011284}"
9,1835,"{""lng"": 30.245575, ""lat"": 60.013649}"
9,1836,"{""lng"": 30.244996, ""lat"": 60.013660}"
9,1837,"{""lng"": 30.244996, ""lat"": 60.013660}"
9,1838,"{""lng"": 30.240235, ""lat"": 60.011263}"
9,1839,"{""lng"": 30.240235, ""lat"": 60.011263}"
9,1840,"{""lng"": 30.240235, ""lat"": 60.011263}"
9,1841,"{""lng"": 30.260261, ""lat"": 60.001812}"
9,1842,"{""lng"": 30.260261, ""lat"": 60.001812}"
9,1843,"{""lng"": 30.260261, ""lat"": 60.001812}"
9,1844,"{""lng"": 30.260261, ""lat"": 60.001812}"
10,199,"{""lng"": 30.372462, ""lat"": 60.049312}"
10,200,"{""lng"": 30.372462, ""lat"": 60.049312}"
10,201,"{""lng"": 30.364826, ""lat"": 60.052923}"
10,202,"{""lng"": 30.364826, ""lat"": 60.052923}"
10,203,"{""lng"": 30.355107, ""lat"": 60.054383}"
10,204,"{""lng"": 30.364826, ""lat"": 60.052923}"
10,205,"{""lng"": 30.359921, ""lat"": 60.049208}"
10,206,"{""lng"": 30.359921, ""lat"": 60.049208}"
10,207,"{""lng"": 30.359921, ""lat"": 60.049208}"
10,208,"{""lng"": 30.364826, ""lat"": 60.052923}"
10,209,"{""lng"": 30.372462, ""lat"": 60.049312}"
10,210,"{""lng"": 30.372462, ""lat"": 60.049312}"
10,211,"{""lng"": 30.365455, ""lat"": 60.040451}"
10,212,"{""lng"": 30.354334, ""lat"": 60.044163}"
10,213,"{""lng"": 30.354334, ""lat"": 60.044163}"
10,214,"{""lng"": 30.354334, ""lat"": 60.044163}"
10,215,"{""lng"": 30.354181, ""lat"": 60.040362}"
10,216,"{""lng"": 30.354181, ""lat"": 60.040362}"
10,217,"{""lng"": 30.354181, ""lat"": 60.040362}"
10,218,"{""lng"": 30.365455, ""lat"": 60.040451}"
10,219,"{""lng"": 30.365455, ""lat"": 60.040451}"
10,220,"{""lng"": 30.365455, ""lat"": 60.040451}"
10,221,"{""lng"": 30.341551, ""lat"": 60.053804}"
10,222,"{""lng"": 30.342216, ""lat"": 60.055017}"
10,223,"{""lng"": 30.341551, ""lat"": 60.053804}"
10,224,"{""lng"": 30.341551, ""lat"": 60.053804}"
10,225,"{""lng"": 30.341551, ""lat"": 60.053804}"
10,226,"{""lng"": 30.342216, ""lat"": 60.055017}"
10,227,"{""lng"": 30.355107, ""lat"": 60.054383}"
10,228,"{""lng"": 30.355107, ""lat"": 60.054383}"
10,229,"{""lng"": 30.351522, ""lat"": 60.051243}"
10,230,"{""lng"": 30.351522, ""lat"": 60.051243}"
10,231,"{""lng"": 30.351522, ""lat"": 60.051243}"
10,232,"{""lng"": 30.349124, ""lat"": 60.046706}"
10,233,"{""lng"": 30.349124, ""lat"": 60.046706}"
10,234,"{""lng"": 30.349124, ""lat"": 60.046706}"
10,235,"{""lng"": 30.341272, ""lat"": 60.043458}"
10,236,"{""lng"": 30.341272, ""lat"": 60.043458}"
10,237,"{""lng"": 30.343797, ""lat"": 60.042842}"
10,238,"{""lng"": 30.343797, ""lat"": 60.042842}"
10,239,"{""lng"": 30.343797, ""lat"": 60.042842}"
10,240,"{""lng"": 30.336781, ""lat"": 60.047492}"
10,241,"{""lng"": 30.336781, ""lat"": 60.047492}"
10,242,"{""lng"": 30.336781, ""lat"": 60.047492}"
10,243,"{""lng"": 30.335281, ""lat"": 60.046495}"
10,244,"{""lng"": 30.335281, ""lat"": 60.046495}"
11,414,"{""lng"": 30.376172, ""lat"": 59.997149}"
11,415,"{""lng"": 30.376100, ""lat"": 60.015017}"
11,416,"{""lng"": 30.376100, ""lat"": 60.015017}"
11,417,"{""lng"": 30.376100, ""lat"": 60.015017}"
11,418,"{""lng"": 30.384913, ""lat"": 60.019954}"
11,419,"{""lng"": 30.379397, ""lat"": 60.020912}"
11,420,"{""lng"": 30.379397, ""lat"": 60.020912}"
11,421,"{""lng"": 30.376100, ""lat"": 60.015017}"
11,422,"{""lng"": 30.373917, ""lat"": 60.024131}"
11,423,"{""lng"": 30.373917, ""lat"": 60.024131}"
11,424,"{""lng"": 30.375417, ""lat"": 60.024999}"
11,425,"{""lng"": 30.375417, ""lat"": 60.024999}"
11,426,"{""lng"": 30.375417, ""lat"": 60.024999}"
11,427,"{""lng"": 30.373917, ""lat"": 60.024131}"
11,428,"{""lng"": 30.379397, ""lat"": 60.020912}"
11,429,"{""lng"": 30.384913, ""lat"": 60.019954}"
11,430,"{""lng"": 30.393006, ""lat"": 60.016901}"
11,431,"{""lng"": 30.393006, ""lat"": 60.016901}"
11,432,"{""lng"": 30.393006, ""lat"": 60.016901}"
11,433,"{""lng"": 30.396249, ""lat"": 60.021141}"
11,434,"{""lng"": 30.398819, ""lat"": 60.020431}"
11,435,"{""lng"": 30.396249, ""lat"": 60.021141}"
11,436,"{""lng"": 30.398819, ""lat"": 60.020431}"
11,437,"{""lng"": 30.398819, ""lat"": 60.020431}"
11,438,"{""lng"": 30.405520, ""lat"": 60.013919}"
11,439,"{""lng"": 30.410083, ""lat"": 60.018614}"
11,440,"{""lng"": 30.410083, ""lat"": 60.018614}"
11,441,"{""lng"": 30.406787, ""lat"": 60.011630}"
11,442,"{""lng"": 30.406787, ""lat"": 60.011630}"
11,443,"{""lng"": 30.405520, ""lat"": 60.013919}"
11,444,"{""lng"": 30.419713, ""lat"": 60.028753}"
11,445,"{""lng"": 30.419713, ""lat"": 60.028753}"
11,446,"{""lng"": 30.419713, ""lat"": 60.028753}"
11,447,"{""lng"": 30.416982, ""lat"": 60.025988}"
11,448,"{""lng"": 30.416982, ""lat"": 60.025988}"
11,449,"{""lng"": 30.416982, ""lat"": 60.025988}"
11,450,"{""lng"": 30.423154, ""lat"": 60.024491}"
11,451,"{""lng"": 30.423154, ""lat"": 60.024491}"
11,452,"{""lng"": 30.426675, ""lat"": 60.027121}"
11,453,"{""lng"": 30.426675, ""lat"": 60.027121}"
11,454,"{""lng"": 30.428526, ""lat"": 60.035176}"
11,455,"{""lng"": 30.428526, ""lat"": 60.035176}"
11,456,"{""lng"": 30.417378, ""lat"": 60.039683}"
11,457,"{""lng"": 30.417378, ""lat"": 60.039683}"
11,458,"{""lng"": 30.417728, ""lat"": 60.040982}"
11,459,"{""lng"": 30.417728, ""lat"": 60.040982}"
11,460,"{""lng"": 30.417378, ""lat"": 60.039683}"
11,461,"{""lng"": 30.428526, ""lat"": 60.035176}"
11,462,"{""lng"": 30.419713, ""lat"": 60.028753}"
11,463,"{""lng"": 30.408934, ""lat"": 60.031737}"
11,464,"{""lng"": 30.408934, ""lat"": 60.031737}"
11,465,"{""lng"": 30.408934, ""lat"": 60.031737}"
11,466,"{""lng"": 30.411323, ""lat"": 60.034394}"
11,467,"{""lng"": 30.411323, ""lat"": 60.034394}"
11,468,"{""lng"": 30.411323, ""lat"": 60.034394}"
11,469,"{""lng"": 30.384598, ""lat"": 60.047142}"
11,470,"{""lng"": 30.385029, ""lat"": 60.044770}"
11,471,"{""lng"": 30.385029, ""lat"": 60.044770}"
11,472,"{""lng"": 30.384598, ""lat"": 60.047142}"
11,473,"{""lng"": 30.384598, ""lat"": 60.047142}"
11,474,"{""lng"": 30.384598, ""lat"": 60.047142}"
11,475,"{""lng"": 30.385029, ""lat"": 60.044770}"
11,476,"{""lng"": 30.380924, ""lat"": 60.039157}"
11,477,"{""lng"": 30.379325, ""lat"": 60.037131}"
11,478,"{""lng"": 30.373217, ""lat"": 60.038766}"
11,479,"{""lng"": 30.373217, ""lat"": 60.038766}"
11,480,"{""lng"": 30.380924, ""lat"": 60.039157}"
11,481,"{""lng"": 30.379325, ""lat"": 60.037131}"
11,482,"{""lng"": 30.373217, ""lat"": 60.038766}"
11,483,"{""lng"": 30.380924, ""lat"": 60.039157}"
11,484,"{""lng"": 30.406849, ""lat"": 60.040748}"
11,485,"{""lng"": 30.406849, ""lat"": 60.040748}"
11,486,"{""lng"": 30.406849, ""lat"": 60.040748}"
11,487,"{""lng"": 30.411090, ""lat"": 60.044743}"
11,488,"{""lng"": 30.411090, ""lat"": 60.044743}"
11,489,"{""lng"": 30.411763, ""lat"": 60.040429}"
11,490,"{""lng"": 30.396860, ""lat"": 60.047268}"
11,491,"{""lng"": 30.396860, ""lat"": 60.047268}"
11,492,"{""lng"": 30.396860, ""lat"": 60.047268}"
11,493,"{""lng"": 30.395791, ""lat"": 60.043561}"
11,494,"{""lng"": 30.395791, ""lat"": 60.043561}"
11,495,"{""lng"": 30.395791, ""lat"": 60.043561}"
11,496,"{""lng"": 30.390051, ""lat"": 60.033297}"
11,497,"{""lng"": 30.385209, ""lat"": 60.035355}"
11,498,"{""lng"": 30.382361, ""lat"": 60.035949}"
11,499,"{""lng"": 30.391201, ""lat"": 60.038672}"
11,500,"{""lng"": 30.391201, ""lat"": 60.038672}"
11,501,"{""lng"": 30.391201, ""lat"": 60.038672}"
11,502,"{""lng"": 30.406733, ""lat"": 60.034232}"
11,503,"{""lng"": 30.406733, ""lat"": 60.034232}"
11,504,"{""lng"": 30.401693, ""lat"": 60.036056}"
11,505,"{""lng"": 30.401693, ""lat"": 60.036056}"
11,506,"{""lng"": 30.401693, ""lat"": 60.036056}"
11,507,
11,508,
11,509,"{""lng"": 30.372938, ""lat"": 60.014288}"
12,1724,"{""lng"": 30.147605, ""lat"": 59.997199}"
12,1725,"{""lng"": 30.147605, ""lat"": 59.997199}"
12,1726,"{""lng"": 30.141586, ""lat"": 60.030946}"
12,1729,"{""lng"": 30.009830, ""lat"": 60.014708}"
12,1730,"{""lng"": 30.009830, ""lat"": 60.014708}"
12,1731,"{""lng"": 30.254325, ""lat"": 60.003223}"
12,1732,"{""lng"": 30.254325, ""lat"": 60.003223}"
12,1733,"{""lng"": 30.254325, ""lat"": 60.003223}"
12,1734,"{""lng"": 30.254325, ""lat"": 60.003223}"
12,1735,"{""lng"": 30.238766, ""lat"": 60.000366}"
12,1736,"{""lng"": 30.238766, ""lat"": 60.000366}"
12,1737,"{""lng"": 30.238766, ""lat"": 60.000366}"
12,1738,"{""lng"": 30.240733, ""lat"": 60.005243}"
12,1739,"{""lng"": 30.240733, ""lat"": 60.005243}"
12,1740,"{""lng"": 30.240733, ""lat"": 60.005243}"
12,1741,"{""lng"": 30.240733, ""lat"": 60.005243}"
12,1742,"{""lng"": 30.228166, ""lat"": 60.006359}"
12,1743,"{""lng"": 30.228166, ""lat"": 60.006359}"
12,1744,"{""lng"": 30.216335, ""lat"": 60.007546}"
12,1745,"{""lng"": 30.216335, ""lat"": 60.007546}"
12,1746,"{""lng"": 30.216335, ""lat"": 60.007546}"
12,1747,"{""lng"": 30.216335, ""lat"": 60.007546}"
12,1748,"{""lng"": 30.206049, ""lat"": 60.008963}"
12,1749,"{""lng"": 30.206049, ""lat"": 60.008963}"
12,1750,"{""lng"": 30.206049, ""lat"": 60.008963}"
12,1751,"{""lng"": 30.202456, ""lat"": 60.005257}"
12,1752,"{""lng"": 30.202456, ""lat"": 60.005257}"
12,1753,"{""lng"": 30.202456, ""lat"": 60.005257}"
12,1754,"{""lng"": 30.202456, ""lat"": 60.005257}"
12,1755,"{""lng"": 30.202456, ""lat"": 60.005257}"
12,1756,"{""lng"": 30.204567, ""lat"": 59.999197}"
12,1757,"{""lng"": 30.204567, ""lat"": 59.999197}"
12,1758,"{""lng"": 30.204567, ""lat"": 59.999197}"
12,1759,"{""lng"": 30.204567, ""lat"": 59.999197}"
12,1760,"{""lng"": 30.216685, ""lat"": 60.004123}"
12,1761,"{""lng"": 30.216685, ""lat"": 60.004123}"
12,1762,"{""lng"": 30.216685, ""lat"": 60.004123}"
12,1763,"{""lng"": 30.204567, ""lat"": 59.999197}"
12,1764,"{""lng"": 30.213622, ""lat"": 59.997433}"
12,1765,"{""lng"": 30.213622, ""lat"": 59.997433}"
12,1766,"{""lng"": 30.213622, ""lat"": 59.997433}"
12,1767,"{""lng"": 30.204567, ""lat"": 59.999197}"
12,1768,"{""lng"": 30.237930, ""lat"": 59.986682}"
12,1769,"{""lng"": 30.237930, ""lat"": 59.986682}"
12,1770,"{""lng"": 30.237930, ""lat"": 59.986682}"
12,1771,"{""lng"": 30.218877, ""lat"": 59.988149}"
12,1772,"{""lng"": 30.218877, ""lat"": 59.988149}"
12,1773,"{""lng"": 30.218877, ""lat"": 59.988149}"
12,1774,"{""lng"": 30.209013, ""lat"": 59.985525}"
12,1775,"{""lng"": 30.211295, ""lat"": 59.989742}"
12,1776,"{""lng"": 30.211295, ""lat"": 59.989742}"
12,1777,"{""lng"": 30.211295, ""lat"": 59.989742}"
12,1778,"{""lng"": 30.211295, ""lat"": 59.989742}"
12,1779,"{""lng"": 30.209013, ""lat"": 59.985525}"
12,1780,"{""lng"": 30.209013, ""lat"": 59.985525}"
12,1781,"{""lng"": 30.209013, ""lat"": 59.985525}"
12,1782,"{""lng"": 30.195135, ""lat"": 59.986596}"
12,1783,"{""lng"": 30.195135, ""lat"": 59.986596}"
12,1784,"{""lng"": 30.195135, ""lat"": 59.986596}"
12,1785,"{""lng"": 30.195817, ""lat"": 59.987960}"
12,1786,"{""lng"": 30.195817, ""lat"": 59.987960}"
12,1787,"{""lng"": 30.195817, ""lat"": 59.987960}"
12,1788,
13,1239,"{""lng"": 29.979948, ""lat"": 60.055366}"
13,1240,"{""lng"": 29.962058, ""lat"": 60.082795}"
13,1241,"{""lng"": 29.962058, ""lat"": 60.082795}"
13,1242,"{""lng"": 29.956219, ""lat"": 60.087049}"
13,1243,"{""lng"": 29.952733, ""lat"": 60.087219}"
13,1244,"{""lng"": 29.955958, ""lat"": 60.088224}"
13,1245,"{""lng"": 29.951287, ""lat"": 60.089216}"
13,1246,"{""lng"": 29.942852, ""lat"": 60.090818}"
13,1247,"{""lng"": 29.953425, ""lat"": 60.092949}"
13,1248,"{""lng"": 29.970942, ""lat"": 60.095403}"
13,1249,"{""lng"": 29.972044, ""lat"": 60.098950}"
13,1250,"{""lng"": 29.972044, ""lat"": 60.098950}"
13,1251,"{""lng"": 29.972514, ""lat"": 60.093743}"
13,1252,"{""lng"": 29.976646, ""lat"": 60.097453}"
13,1253,"{""lng"": 29.976646, ""lat"": 60.097453}"
13,1254,"{""lng"": 29.998493, ""lat"": 60.144660}"
13,1255,"{""lng"": 29.926892, ""lat"": 60.149770}"
13,1256,"{""lng"": 30.171446, ""lat"": 60.122282}"
13,1257,"{""lng"": 30.166874, ""lat"": 60.120489}"
13,1258,"{""lng"": 30.146230, ""lat"": 60.124388}"
13,1259,"{""lng"": 30.146230, ""lat"": 60.124388}"
13,1260,"{""lng"": 29.867966, ""lat"": 60.166751}"
13,1261,"{""lng"": 29.825723, ""lat"": 60.185122}"
13,1262,"{""lng"": 29.708409, ""lat"": 60.197934}"
13,1263,"{""lng"": 29.706819, ""lat"": 60.200796}"
13,1264,"{""lng"": 29.706819, ""lat"": 60.200796}"
13,1265,"{""lng"": 29.702229, ""lat"": 60.194142}"
13,1266,"{""lng"": 29.692213, ""lat"": 60.236439}"
13,1267,"{""lng"": 29.754810, ""lat"": 60.242069}"
13,1268,
13,1269,"{""lng"": 29.609065, ""lat"": 60.201123}"
13,1270,"{""lng"": 29.569934, ""lat"": 60.204324}"
13,1271,"{""lng"": 29.512750, ""lat"": 60.195188}"
13,1272,"{""lng"": 29.455566, ""lat"": 60.175931}"
13,1273,
13,1274,
14,252,"{""lng"": 30.320200, ""lat"": 60.042500}"
14,253,"{""lng"": 30.320200, ""lat"": 60.042500}"
14,254,"{""lng"": 30.320200, ""lat"": 60.042500}"
14,255,"{""lng"": 30.325044, ""lat"": 60.046562}"
14,256,"{""lng"": 30.325044, ""lat"": 60.046562}"
14,257,"{""lng"": 30.325044, ""lat"": 60.046562}"
14,258,"{""lng"": 30.324433, ""lat"": 60.049562}"
14,259,"{""lng"": 30.324433, ""lat"": 60.049562}"
14,260,"{""lng"": 30.325044, ""lat"": 60.046562}"
14,261,"{""lng"": 30.325044, ""lat"": 60.046562}"
14,262,"{""lng"": 30.324433, ""lat"": 60.049562}"
14,263,"{""lng"": 30.324433, ""lat"": 60.049562}"
14,264,"{""lng"": 30.318440, ""lat"": 60.053806}"
14,265,"{""lng"": 30.318440, ""lat"": 60.053806}"
14,266,"{""lng"": 30.318440, ""lat"": 60.053806}"
14,267,"{""lng"": 30.318440, ""lat"": 60.053806}"
14,268,"{""lng"": 30.322838, ""lat"": 60.059263}"
14,269,"{""lng"": 30.330165, ""lat"": 60.055971}"
14,270,"{""lng"": 30.330165, ""lat"": 60.055971}"
14,271,"{""lng"": 30.329095, ""lat"": 60.057004}"
14,272,"{""lng"": 30.329095, ""lat"": 60.057004}"
14,273,"{""lng"": 30.330165, ""lat"": 60.055971}"
14,274,"{""lng"": 30.322838, ""lat"": 60.059263}"
14,275,"{""lng"": 30.322838, ""lat"": 60.059263}"
14,276,"{""lng"": 30.321814, ""lat"": 60.060235}"
14,277,"{""lng"": 30.322838, ""lat"": 60.059263}"
14,278,"{""lng"": 30.321814, ""lat"": 60.060235}"
14,279,"{""lng"": 30.314049, ""lat"": 60.060152}"
14,280,"{""lng"": 30.314049, ""lat"": 60.060152}"
14,281,"{""lng"": 30.314049, ""lat"": 60.060152}"
14,282,"{""lng"": 30.314049, ""lat"": 60.060152}"
14,283,"{""lng"": 30.314049, ""lat"": 60.060152}"
14,284,"{""lng"": 30.308794, ""lat"": 60.064702}"
14,285,"{""lng"": 30.308794, ""lat"": 60.064702}"
14,286,"{""lng"": 30.308794, ""lat"": 60.064702}"
14,287,"{""lng"": 30.308794, ""lat"": 60.064702}"
14,288,"{""lng"": 30.311128, ""lat"": 60.026922}"
14,289,"{""lng"": 30.212511, ""lat"": 60.102967}"
14,290,"{""lng"": 30.195838, ""lat"": 60.101922}"
14,291,"{""lng"": 30.320962, ""lat"": 60.074552}"
14,292,"{""lng"": 30.276846, ""lat"": 60.076958}"
14,293,"{""lng"": 30.241380, ""lat"": 60.081471}"
14,294,"{""lng"": 30.236080, ""lat"": 60.071016}"
14,295,"{""lng"": 30.270602, ""lat"": 60.088512}"
14,296,"{""lng"": 30.246131, ""lat"": 60.109648}"
14,297,"{""lng"": 30.265904, ""lat"": 60.109222}"
14,298,"{""lng"": 30.264714, ""lat"": 60.107926}"
14,299,"{""lng"": 30.265904, ""lat"": 60.109222}"
14,300,"{""lng"": 30.265904, ""lat"": 60.109222}"
14,301,"{""lng"": 30.264714, ""lat"": 60.107926}"
14,302,"{""lng"": 30.333933, ""lat"": 60.071349}"
14,303,"{""lng"": 30.333933, ""lat"": 60.071349}"
14,304,"{""lng"": 30.333933, ""lat"": 60.071349}"
14,305,"{""lng"": 30.333933, ""lat"": 60.071349}"
14,306,"{""lng"": 30.333933, ""lat"": 60.071349}"
14,307,"{""lng"": 30.334942, ""lat"": 60.072475}"
14,308,"{""lng"": 30.334942, ""lat"": 60.072475}"
14,309,"{""lng"": 30.236080, ""lat"": 60.071016}"
14,310,"{""lng"": 30.334942, ""lat"": 60.072475}"
14,311,"{""lng"": 30.334942, ""lat"": 60.072475}"
14,312,"{""lng"": 30.334942, ""lat"": 60.072475}"
15,1220,"{""lng"": 29.787093, ""lat"": 59.986700}"
15,1221,"{""lng"": 29.787093, ""lat"": 59.986700}"
15,1222,"{""lng"": 29.780628, ""lat"": 59.995487}"
15,1223,"{""lng"": 29.780628, ""lat"": 59.995487}"
15,1224,"{""lng"": 29.772886, ""lat"": 59.990342}"
15,1225,"{""lng"": 29.771985, ""lat"": 59.990359}"
15,1226,"{""lng"": 29.771718, ""lat"": 59.994982}"
15,1227,"{""lng"": 29.776723, ""lat"": 59.996707}"
15,1228,"{""lng"": 29.765919, ""lat"": 59.997010}"
15,1229,"{""lng"": 29.769019, ""lat"": 59.999651}"
15,1230,"{""lng"": 29.769019, ""lat"": 59.999651}"
15,1231,"{""lng"": 29.762497, ""lat"": 59.996358}"
15,1232,"{""lng"": 29.764006, ""lat"": 59.996065}"
15,1233,"{""lng"": 29.761445, ""lat"": 59.991744}"
15,1234,"{""lng"": 29.723366, ""lat"": 60.008833}"
15,1235,"{""lng"": 29.723366, ""lat"": 60.008833}"
15,1236,"{""lng"": 29.723366, ""lat"": 60.008833}"
15,1237,"{""lng"": 29.720016, ""lat"": 60.011504}"
15,1238,"{""lng"": 29.751906, ""lat"": 59.993086}"
15,2293,
15,2294,
15,2295,
16,2180,"{""lng"": 30.323089, ""lat"": 59.942971}"
16,2181,"{""lng"": 30.316104, ""lat"": 59.936928}"
16,2182,"{""lng"": 30.324161, ""lat"": 59.935928}"
16,2183,"{""lng"": 30.333951, ""lat"": 59.937175}"
16,2184,"{""lng"": 30.341659, ""lat"": 59.947554}"
16,2185,"{""lng"": 30.355098, ""lat"": 59.949668}"
16,2186,"{""lng"": 30.356382, ""lat"": 59.948843}"
16,2187,"{""lng"": 30.352725, ""lat"": 59.944583}"
16,2188,"{""lng"": 30.341776, ""lat"": 59.943791}"
16,2189,"{""lng"": 30.341776, ""lat"": 59.943791}"
16,2190,"{""lng"": 30.345703, ""lat"": 59.945664}"
16,2191,"{""lng"": 30.341632, ""lat"": 59.940280}"
16,2192,"{""lng"": 30.348764, ""lat"": 59.938320}"
16,2193,"{""lng"": 30.349887, ""lat"": 59.943115}"
16,2194,"{""lng"": 30.359904, ""lat"": 59.941835}"
16,2195,"{""lng"": 30.353463, ""lat"": 59.942376}"
16,2196,"{""lng"": 30.354837, ""lat"": 59.938117}"
16,2197,"{""lng"": 30.344363, ""lat"": 59.937648}"
16,2198,"{""lng"": 30.348764, ""lat"": 59.938320}"
16,2199,"{""lng"": 30.355762, ""lat"": 59.936269}"
16,2200,"{""lng"": 30.354055, ""lat"": 59.933352}"
16,2201,"{""lng"": 30.355619, ""lat"": 59.932008}"
16,2202,"{""lng"": 30.317934, ""lat"": 59.931494}"
16,2203,"{""lng"": 30.322480, ""lat"": 59.931125}"
16,2204,"{""lng"": 30.339826, ""lat"": 59.933045}"
16,2205,"{""lng"": 30.332801, ""lat"": 59.929091}"
16,2206,"{""lng"": 30.343366, ""lat"": 59.930908}"
16,2207,"{""lng"": 30.343366, ""lat"": 59.930908}"
16,2208,"{""lng"": 30.346034, ""lat"": 59.930642}"
16,2209,"{""lng"": 30.347426, ""lat"": 59.926043}"
16,2210,"{""lng"": 30.347426, ""lat"": 59.926043}"
16,2211,"{""lng"": 30.338730, ""lat"": 59.928879}"
16,2212,"{""lng"": 30.338730, ""lat"": 59.928879}"
16,2213,"{""lng"": 30.338272, ""lat"": 59.927315}"
16,2214,"{""lng"": 30.333053, ""lat"": 59.926120}"
16,2215,"{""lng"": 30.340707, ""lat"": 59.923401}"
16,2216,"{""lng"": 30.356732, ""lat"": 59.929637}"
16,2217,"{""lng"": 30.356858, ""lat"": 59.926905}"
16,2218,"{""lng"": 30.352271, ""lat"": 59.927178}"
16,2219,"{""lng"": 30.355367, ""lat"": 59.925728}"
16,2220,"{""lng"": 30.355367, ""lat"": 59.925728}"
16,2221,"{""lng"": 30.343617, ""lat"": 59.923802}"
16,2222,"{""lng"": 30.345054, ""lat"": 59.918323}"
16,2223,"{""lng"": 30.343581, ""lat"": 59.918138}"
16,2224,"{""lng"": 30.351001, ""lat"": 59.919978}"
16,2225,"{""lng"": 30.351001, ""lat"": 59.919978}"
16,2226,
17,512,"{""lng"": 30.362200, ""lat"": 59.954935}"
17,513,"{""lng"": 30.362200, ""lat"": 59.954935}"
17,514,"{""lng"": 30.362200, ""lat"": 59.954935}"
17,515,"{""lng"": 30.386591, ""lat"": 59.971851}"
17,516,"{""lng"": 30.383833, ""lat"": 59.976570}"
17,517,"{""lng"": 30.394675, ""lat"": 59.970774}"
17,518,"{""lng"": 30.394819, ""lat"": 59.974622}"
17,519,"{""lng"": 30.389792, ""lat"": 59.973673}"
17,520,"{""lng"": 30.394819, ""lat"": 59.974622}"
17,521,"{""lng"": 30.400195, ""lat"": 59.968494}"
17,522,"{""lng"": 30.407469, ""lat"": 59.966679}"
17,523,"{""lng"": 30.407469, ""lat"": 59.966679}"
17,524,"{""lng"": 30.408947, ""lat"": 59.972274}"
17,525,"{""lng"": 30.401700, ""lat"": 59.974187}"
17,526,"{""lng"": 30.408947, ""lat"": 59.972274}"
17,527,"{""lng"": 30.401647, ""lat"": 59.980807}"
17,528,"{""lng"": 30.401294, ""lat"": 59.982078}"
17,529,"{""lng"": 30.401647, ""lat"": 59.980807}"
17,530,"{""lng"": 30.409390, ""lat"": 59.980773}"
17,531,"{""lng"": 30.409390, ""lat"": 59.980773}"
17,532,"{""lng"": 30.432108, ""lat"": 60.008448}"
17,533,"{""lng"": 30.423430, ""lat"": 59.990138}"
17,534,"{""lng"": 30.433995, ""lat"": 59.996301}"
17,535,"{""lng"": 30.433995, ""lat"": 59.996301}"
17,536,"{""lng"": 30.425904, ""lat"": 60.002976}"
17,537,"{""lng"": 30.425904, ""lat"": 60.002976}"
17,538,"{""lng"": 30.432108, ""lat"": 60.008448}"
17,539,"{""lng"": 30.426844, ""lat"": 60.006277}"
17,540,"{""lng"": 30.404918, ""lat"": 59.985449}"
17,541,"{""lng"": 30.404918, ""lat"": 59.985449}"
17,542,"{""lng"": 30.416158, ""lat"": 59.984344}"
17,543,"{""lng"": 30.419060, ""lat"": 59.984856}"
17,544,"{""lng"": 30.420522, ""lat"": 59.986833}"
17,545,"{""lng"": 30.420522, ""lat"": 59.986833}"
17,546,"{""lng"": 30.423430, ""lat"": 59.990138}"
17,547,"{""lng"": 30.404918, ""lat"": 59.985449}"
17,548,"{""lng"": 30.382106, ""lat"": 59.980283}"
17,549,"{""lng"": 30.420326, ""lat"": 60.015472}"
17,550,"{""lng"": 30.424142, ""lat"": 60.014806}"
17,551,"{""lng"": 30.424142, ""lat"": 60.014806}"
17,552,"{""lng"": 30.424142, ""lat"": 60.014806}"
17,553,"{""lng"": 30.420326, ""lat"": 60.015472}"
17,554,"{""lng"": 30.418819, ""lat"": 60.009602}"
17,555,"{""lng"": 30.415940, ""lat"": 60.005986}"
17,556,"{""lng"": 30.415940, ""lat"": 60.005986}"
17,557,"{""lng"": 30.414961, ""lat"": 60.010552}"
17,558,"{""lng"": 30.418819, ""lat"": 60.009602}"
17,559,"{""lng"": 30.418819, ""lat"": 60.009602}"
17,560,"{""lng"": 30.396932, ""lat"": 60.006623}"
17,561,"{""lng"": 30.396932, ""lat"": 60.006623}"
17,562,"{""lng"": 30.410974, ""lat"": 60.007235}"
17,563,"{""lng"": 30.410974, ""lat"": 60.007235}"
17,564,"{""lng"": 30.414961, ""lat"": 60.010552}"
17,565,"{""lng"": 30.383979, ""lat"": 59.998156}"
17,566,"{""lng"": 30.391398, ""lat"": 60.001147}"
17,567,"{""lng"": 30.397711, ""lat"": 60.003894}"
17,568,"{""lng"": 30.397711, ""lat"": 60.003894}"
17,569,"{""lng"": 30.391398, ""lat"": 60.001147}"
17,570,"{""lng"": 30.396932, ""lat"": 60.006623}"
17,571,"{""lng"": 30.397711, ""lat"": 60.003894}"
17,572,"{""lng"": 30.385793, ""lat"": 59.986385}"
17,573,"{""lng"": 30.362194, ""lat"": 59.954863}"
17,574,"{""lng"": 30.385793, ""lat"": 59.986385}"
17,2283,
17,2284,
17,2285,
18,1612,"{""lng"": 30.293205, ""lat"": 59.952717}"
18,1613,"{""lng"": 30.303994, ""lat"": 59.951978}"
18,1614,"{""lng"": 30.303297, ""lat"": 59.954289}"
18,1615,"{""lng"": 30.293205, ""lat"": 59.952717}"
18,1616,"{""lng"": 30.298791, ""lat"": 59.954050}"
18,1617,"{""lng"": 30.303994, ""lat"": 59.951978}"
18,1618,"{""lng"": 30.298716, ""lat"": 59.956674}"
18,1619,"{""lng"": 30.306220, ""lat"": 59.955678}"
18,1620,"{""lng"": 30.311533, ""lat"": 59.965035}"
18,1621,"{""lng"": 30.311533, ""lat"": 59.965035}"
18,1622,"{""lng"": 30.310669, ""lat"": 59.957685}"
18,1623,"{""lng"": 30.310669, ""lat"": 59.957685}"
18,1624,"{""lng"": 30.312248, ""lat"": 59.960697}"
18,1625,"{""lng"": 30.313308, ""lat"": 59.959449}"
18,1626,"{""lng"": 30.313308, ""lat"": 59.959449}"
18,1627,"{""lng"": 30.327367, ""lat"": 59.953394}"
18,1628,"{""lng"": 30.323665, ""lat"": 59.958309}"
18,1629,"{""lng"": 30.327016, ""lat"": 59.958665}"
18,1630,"{""lng"": 30.323665, ""lat"": 59.958309}"
18,1631,"{""lng"": 30.324151, ""lat"": 59.961756}"
18,1632,"{""lng"": 30.320275, ""lat"": 59.960869}"
18,1633,"{""lng"": 30.324151, ""lat"": 59.961756}"
18,1634,"{""lng"": 30.325944, ""lat"": 59.963041}"
18,1635,"{""lng"": 30.311721, ""lat"": 59.965355}"
18,1636,"{""lng"": 30.313380, ""lat"": 59.969362}"
18,1637,"{""lng"": 30.311789, ""lat"": 59.971914}"
18,1638,"{""lng"": 30.305299, ""lat"": 59.974901}"
18,1639,"{""lng"": 30.303058, ""lat"": 59.967998}"
18,1640,"{""lng"": 30.308189, ""lat"": 59.967170}"
18,1641,"{""lng"": 30.307244, ""lat"": 59.964521}"
18,1642,"{""lng"": 30.306854, ""lat"": 59.967927}"
18,1643,"{""lng"": 30.300134, ""lat"": 59.965063}"
18,1644,"{""lng"": 30.297193, ""lat"": 59.962933}"
18,1645,"{""lng"": 30.293455, ""lat"": 59.964227}"
18,1646,"{""lng"": 30.297193, ""lat"": 59.962933}"
18,1647,"{""lng"": 30.297077, ""lat"": 59.958498}"
18,1648,"{""lng"": 30.297077, ""lat"": 59.958498}"
18,1649,"{""lng"": 30.292574, ""lat"": 59.957651}"
18,1650,"{""lng"": 30.292574, ""lat"": 59.957651}"
18,1651,"{""lng"": 30.292151, ""lat"": 59.955118}"
18,1652,"{""lng"": 30.292151, ""lat"": 59.955118}"
18,1653,"{""lng"": 30.254535, ""lat"": 59.962979}"
18,1654,"{""lng"": 30.273355, ""lat"": 59.962396}"
18,1655,"{""lng"": 30.284328, ""lat"": 59.958237}"
18,1656,"{""lng"": 30.292642, ""lat"": 59.962514}"
18,1657,"{""lng"": 30.292642, ""lat"": 59.962514}"
18,1658,"{""lng"": 30.285244, ""lat"": 59.964460}"
18,1659,"{""lng"": 30.274591, ""lat"": 59.968705}"
18,1660,"{""lng"": 30.296673, ""lat"": 59.971605}"
18,1661,"{""lng"": 30.293130, ""lat"": 59.964318}"
18,1662,"{""lng"": 30.294759, ""lat"": 59.966692}"
18,1663,"{""lng"": 30.302063, ""lat"": 59.973934}"
18,1664,"{""lng"": 30.295988, ""lat"": 59.972967}"
18,1665,
18,1667,
19,1279,"{""lng"": 30.319291, ""lat"": 59.905132}"
19,1280,"{""lng"": 30.319794, ""lat"": 59.900958}"
19,1281,"{""lng"": 30.319794, ""lat"": 59.900958}"
19,1282,"{""lng"": 30.316030, ""lat"": 59.876246}"
19,1283,"{""lng"": 30.314269, ""lat"": 59.873668}"
19,1284,"{""lng"": 30.322273, ""lat"": 59.893204}"
19,1285,"{""lng"": 30.329819, ""lat"": 59.876423}"
19,1286,"{""lng"": 30.320773, ""lat"": 59.879453}"
19,1287,"{""lng"": 30.320773, ""lat"": 59.879453}"
19,1288,"{""lng"": 30.325220, ""lat"": 59.876364}"
19,1289,"{""lng"": 30.325220, ""lat"": 59.876364}"
19,1290,"{""lng"": 30.325220, ""lat"": 59.876364}"
19,1291,"{""lng"": 30.325139, ""lat"": 59.860884}"
19,1292,"{""lng"": 30.325058, ""lat"": 59.862095}"
19,1293,"{""lng"": 30.325058, ""lat"": 59.862095}"
19,1294,"{""lng"": 30.325139, ""lat"": 59.860884}"
19,1295,"{""lng"": 30.332738, ""lat"": 59.862158}"
19,1296,"{""lng"": 30.332738, ""lat"": 59.862158}"
19,1297,"{""lng"": 30.330843, ""lat"": 59.859456}"
19,1298,"{""lng"": 30.329819, ""lat"": 59.876423}"
19,1299,"{""lng"": 30.329819, ""lat"": 59.876423}"
19,1300,"{""lng"": 30.341416, ""lat"": 59.860428}"
19,1301,"{""lng"": 30.341623, ""lat"": 59.857219}"
19,1302,"{""lng"": 30.341623, ""lat"": 59.857219}"
19,1303,"{""lng"": 30.341623, ""lat"": 59.857219}"
19,1304,"{""lng"": 30.344911, ""lat"": 59.860500}"
19,1305,"{""lng"": 30.344911, ""lat"": 59.860500}"
19,1306,"{""lng"": 30.344911, ""lat"": 59.860500}"
19,1307,"{""lng"": 30.352645, ""lat"": 59.861909}"
19,1308,"{""lng"": 30.352645, ""lat"": 59.861909}"
19,1309,"{""lng"": 30.354020, ""lat"": 59.858891}"
19,1310,"{""lng"": 30.354020, ""lat"": 59.858891}"
19,1311,"{""lng"": 30.354020, ""lat"": 59.858891}"
19,1312,"{""lng"": 30.357280, ""lat"": 59.853970}"
19,1313,"{""lng"": 30.359472, ""lat"": 59.849778}"
19,1314,"{""lng"": 30.359472, ""lat"": 59.849778}"
19,1315,"{""lng"": 30.359472, ""lat"": 59.849778}"
19,1316,"{""lng"": 30.360973, ""lat"": 59.847078}"
19,1317,"{""lng"": 30.360973, ""lat"": 59.847078}"
19,1318,"{""lng"": 30.360973, ""lat"": 59.847078}"
19,1319,"{""lng"": 30.365042, ""lat"": 59.840817}"
19,1320,"{""lng"": 30.365042, ""lat"": 59.840817}"
19,1321,"{""lng"": 30.366794, ""lat"": 59.838100}"
19,1322,"{""lng"": 30.366794, ""lat"": 59.838100}"
19,1323,"{""lng"": 30.365042, ""lat"": 59.840817}"
19,1324,"{""lng"": 30.366794, ""lat"": 59.838100}"
19,1325,"{""lng"": 30.332676, ""lat"": 59.854133}"
19,1326,"{""lng"": 30.332676, ""lat"": 59.854133}"
19,1327,"{""lng"": 30.332676, ""lat"": 59.854133}"
19,1328,"{""lng"": 30.326172, ""lat"": 59.848958}"
19,1329,"{""lng"": 30.335245, ""lat"": 59.847010}"
19,1330,"{""lng"": 30.326154, ""lat"": 59.845040}"
19,1331,"{""lng"": 30.326154, ""lat"": 59.845040}"
19,1332,"{""lng"": 30.326172, ""lat"": 59.848958}"
19,1333,"{""lng"": 30.335245, ""lat"": 59.847010}"
19,1334,"{""lng"": 30.335245, ""lat"": 59.847010}"
19,1335,"{""lng"": 30.327016, ""lat"": 59.842296}"
19,1336,"{""lng"": 30.327016, ""lat"": 59.842296}"
19,1337,"{""lng"": 30.341515, ""lat"": 59.835505}"
19,1338,"{""lng"": 30.345135, ""lat"": 59.836658}"
19,1339,"{""lng"": 30.345135, ""lat"": 59.836658}"
19,1340,"{""lng"": 30.355628, ""lat"": 59.833407}"
19,1341,"{""lng"": 30.345135, ""lat"": 59.836658}"
19,1342,"{""lng"": 30.345135, ""lat"": 59.836658}"
19,1343,"{""lng"": 30.348702, ""lat"": 59.838326}"
19,1344,"{""lng"": 30.341515, ""lat"": 59.835505}"
19,1345,"{""lng"": 30.341515, ""lat"": 59.835505}"
19,1346,"{""lng"": 30.345135, ""lat"": 59.836658}"
19,1347,"{""lng"": 30.355628, ""lat"": 59.833407}"
19,1348,"{""lng"": 30.355628, ""lat"": 59.833407}"
19,1349,"{""lng"": 30.331930, ""lat"": 59.828125}"
19,1350,"{""lng"": 30.331930, ""lat"": 59.828125}"
19,1351,"{""lng"": 30.331930, ""lat"": 59.828125}"
19,1352,"{""lng"": 30.348702, ""lat"": 59.838326}"
19,1353,
20,1949,"{""lng"": 30.4006, ""lat"": 59.735840}"
20,1950,"{""lng"": 30.410281, ""lat"": 59.738628}"
20,1951,"{""lng"": 30.410281, ""lat"": 59.738628}"
20,1952,"{""lng"": 30.419990, ""lat"": 59.734564}"
20,1953,"{""lng"": 30.4006, ""lat"": 59.735840}"
20,1954,"{""lng"": 30.405610, ""lat"": 59.736711}"
20,1955,"{""lng"": 30.4006, ""lat"": 59.735840}"
20,1956,"{""lng"": 30.382800, ""lat"": 59.704700}"
20,1957,"{""lng"": 30.418000, ""lat"": 59.733700}"
20,1958,"{""lng"": 30.423800, ""lat"": 59.724200}"
20,1959,"{""lng"": 30.420727, ""lat"": 59.734372}"
20,1960,"{""lng"": 30.418000, ""lat"": 59.733700}"
20,1961,"{""lng"": 30.408417, ""lat"": 59.730736}"
20,1962,"{""lng"": 30.408417, ""lat"": 59.730736}"
20,1963,"{""lng"": 30.408417, ""lat"": 59.730736}"
20,1964,"{""lng"": 30.423800, ""lat"": 59.724200}"
20,1965,"{""lng"": 30.422606, ""lat"": 59.717122}"
20,1966,"{""lng"": 30.422606, ""lat"": 59.717122}"
20,1967,"{""lng"": 30.401179, ""lat"": 59.723155}"
20,1968,"{""lng"": 30.406926, ""lat"": 59.721697}"
20,1969,"{""lng"": 30.416002, ""lat"": 59.717552}"
20,1970,"{""lng"": 30.403047, ""lat"": 59.718999}"
20,1971,"{""lng"": 30.382800, ""lat"": 59.704700}"
20,1972,"{""lng"": 30.382800, ""lat"": 59.704700}"
20,1973,"{""lng"": 30.411200, ""lat"": 59.707200}"
20,1974,"{""lng"": 30.407078, ""lat"": 59.704970}"
20,1975,"{""lng"": 30.411200, ""lat"": 59.707200}"
20,1976,"{""lng"": 30.410551, ""lat"": 59.706168}"
20,1977,"{""lng"": 30.414934, ""lat"": 59.697811}"
20,1978,"{""lng"": 30.374977, ""lat"": 59.706891}"
20,1979,"{""lng"": 30.374977, ""lat"": 59.706891}"
20,1980,"{""lng"": 30.382800, ""lat"": 59.704700}"
20,1981,"{""lng"": 30.367625, ""lat"": 59.705923}"
20,1982,"{""lng"": 30.258780, ""lat"": 59.667574}"
20,1983,
20,1984,"{""lng"": 30.432237, ""lat"": 59.686541}"
20,1985,"{""lng"": 30.442138, ""lat"": 59.685695}"
20,1986,"{""lng"": 30.458329, ""lat"": 59.679769}"
20,1987,
20,1988,"{""lng"": 30.427554, ""lat"": 59.685886}"
20,1989,"{""lng"": 30.435866, ""lat"": 59.681413}"
20,1990,"{""lng"": 30.411294, ""lat"": 59.664320}"
20,1991,"{""lng"": 30.401874, ""lat"": 59.654128}"
20,1992,"{""lng"": 30.349357, ""lat"": 59.732238}"
20,1993,"{""lng"": 30.440588, ""lat"": 59.703554}"
20,1994,"{""lng"": 30.379000, ""lat"": 59.809000}"
20,1995,"{""lng"": 30.370265, ""lat"": 59.811641}"
20,1996,"{""lng"": 30.370265, ""lat"": 59.811641}"
20,1997,"{""lng"": 30.361374, ""lat"": 59.761436}"
20,1998,"{""lng"": 30.383879, ""lat"": 59.807431}"
20,1999,"{""lng"": 30.382157, ""lat"": 59.809511}"
20,2000,"{""lng"": 30.467869, ""lat"": 59.759558}"
20,2001,"{""lng"": 30.467869, ""lat"": 59.759558}"
20,2002,"{""lng"": 30.565234, ""lat"": 59.722832}"
20,2003,"{""lng"": 30.460473, ""lat"": 59.730921}"
20,2004,"{""lng"": 30.465474, ""lat"": 59.733569}"
20,2005,"{""lng"": 30.465474, ""lat"": 59.733569}"
20,2006,"{""lng"": 30.465474, ""lat"": 59.733569}"
20,2007,"{""lng"": 30.464915, ""lat"": 59.726673}"
20,2008,"{""lng"": 30.464915, ""lat"": 59.726673}"
20,2009,"{""lng"": 30.463384, ""lat"": 59.727414}"
20,2010,"{""lng"": 30.414934, ""lat"": 59.697811}"
20,2011,"{""lng"": 30.465701, ""lat"": 59.742765}"
20,2012,"{""lng"": 30.482164, ""lat"": 59.743488}"
20,2013,"{""lng"": 30.482164, ""lat"": 59.743488}"
20,2014,"{""lng"": 30.465701, ""lat"": 59.742765}"
20,2015,"{""lng"": 30.465474, ""lat"": 59.733569}"
20,2016,"{""lng"": 30.482164, ""lat"": 59.743488}"
20,2017,"{""lng"": 30.465701, ""lat"": 59.742765}"
20,2018,"{""lng"": 30.465701, ""lat"": 59.742765}"
20,2019,"{""lng"": 30.467879, ""lat"": 59.759561}"
20,2020,"{""lng"": 30.379000, ""lat"": 59.809000}"
20,2021,"{""lng"": 30.382157, ""lat"": 59.809511}"
20,2022,
21,826,"{""lng"": 30.603410, ""lat"": 59.748654}"
21,827,"{""lng"": 30.603410, ""lat"": 59.748654}"
21,828,"{""lng"": 30.612150, ""lat"": 59.744583}"
21,829,"{""lng"": 30.608202, ""lat"": 59.744248}"
21,830,"{""lng"": 30.612150, ""lat"": 59.744583}"
21,831,"{""lng"": 30.609411, ""lat"": 59.740343}"
21,832,"{""lng"": 30.616912, ""lat"": 59.739001}"
21,833,"{""lng"": 30.616912, ""lat"": 59.739001}"
21,834,"{""lng"": 30.616310, ""lat"": 59.737963}"
21,835,"{""lng"": 30.616912, ""lat"": 59.739001}"
21,836,"{""lng"": 30.616310, ""lat"": 59.737963}"
21,837,"{""lng"": 30.616310, ""lat"": 59.737963}"
21,838,"{""lng"": 30.613561, ""lat"": 59.732856}"
21,839,"{""lng"": 30.613561, ""lat"": 59.732856}"
21,840,"{""lng"": 30.607542, ""lat"": 59.732852}"
21,841,"{""lng"": 30.613561, ""lat"": 59.732856}"
21,842,"{""lng"": 30.594292, ""lat"": 59.746292}"
21,843,"{""lng"": 30.594292, ""lat"": 59.746292}"
21,844,"{""lng"": 30.586791, ""lat"": 59.743028}"
21,845,"{""lng"": 30.586791, ""lat"": 59.743028}"
21,846,"{""lng"": 30.581922, ""lat"": 59.748323}"
21,847,"{""lng"": 30.576245, ""lat"": 59.751614}"
21,848,"{""lng"": 30.576245, ""lat"": 59.751614}"
21,849,"{""lng"": 30.581922, ""lat"": 59.748323}"
21,850,"{""lng"": 30.567666, ""lat"": 59.747951}"
21,851,"{""lng"": 30.565600, ""lat"": 59.745222}"
21,852,"{""lng"": 30.565600, ""lat"": 59.745222}"
21,853,"{""lng"": 30.569103, ""lat"": 59.746079}"
21,854,"{""lng"": 30.569103, ""lat"": 59.746079}"
21,855,"{""lng"": 30.577682, ""lat"": 59.746764}"
21,856,"{""lng"": 30.573685, ""lat"": 59.738978}"
21,857,"{""lng"": 30.573685, ""lat"": 59.738978}"
21,858,"{""lng"": 30.573685, ""lat"": 59.738978}"
21,859,"{""lng"": 30.565510, ""lat"": 59.738802}"
21,860,"{""lng"": 30.565510, ""lat"": 59.738802}"
21,861,"{""lng"": 30.560955, ""lat"": 59.736983}"
21,862,"{""lng"": 30.565681, ""lat"": 59.734820}"
21,863,"{""lng"": 30.565681, ""lat"": 59.734820}"
21,864,"{""lng"": 30.565681, ""lat"": 59.734820}"
21,865,"{""lng"": 30.572822, ""lat"": 59.734212}"
21,866,"{""lng"": 30.572822, ""lat"": 59.734212}"
21,867,"{""lng"": 30.572822, ""lat"": 59.734212}"
21,868,"{""lng"": 30.580664, ""lat"": 59.734716}"
21,869,"{""lng"": 30.585695, ""lat"": 59.737110}"
21,870,"{""lng"": 30.585695, ""lat"": 59.737110}"
21,871,"{""lng"": 30.580664, ""lat"": 59.734716}"
21,872,"{""lng"": 30.580664, ""lat"": 59.734716}"
21,873,"{""lng"": 30.583898, ""lat"": 59.731504}"
21,874,"{""lng"": 30.583898, ""lat"": 59.731504}"
21,875,"{""lng"": 30.595118, ""lat"": 59.773098}"
21,876,"{""lng"": 30.691193, ""lat"": 59.777633}"
21,877,"{""lng"": 30.647364, ""lat"": 59.779050}"
21,878,"{""lng"": 30.639935, ""lat"": 59.781800}"
21,879,"{""lng"": 30.625697, ""lat"": 59.784707}"
21,880,"{""lng"": 30.625697, ""lat"": 59.784707}"
21,881,"{""lng"": 30.604515, ""lat"": 59.803662}"
21,882,"{""lng"": 30.583665, ""lat"": 59.807057}"
21,883,"{""lng"": 30.576793, ""lat"": 59.807124}"
21,884,"{""lng"": 30.576793, ""lat"": 59.807124}"
21,885,"{""lng"": 30.574547, ""lat"": 59.808631}"
21,886,"{""lng"": 30.574547, ""lat"": 59.808631}"
21,887,"{""lng"": 30.563713, ""lat"": 59.813129}"
21,888,"{""lng"": 30.563713, ""lat"": 59.813129}"
21,889,"{""lng"": 30.563713, ""lat"": 59.813129}"
21,890,"{""lng"": 30.563713, ""lat"": 59.813129}"
21,891,"{""lng"": 30.568447, ""lat"": 59.809075}"
21,892,"{""lng"": 30.511262, ""lat"": 59.806673}"
21,893,
21,894,
22,330,"{""lng"": 30.345647, ""lat"": 59.962192}"
22,331,"{""lng"": 30.345701, ""lat"": 59.964696}"
22,332,"{""lng"": 30.345701, ""lat"": 59.964696}"
22,333,"{""lng"": 30.343312, ""lat"": 59.970718}"
22,334,"{""lng"": 30.343653, ""lat"": 59.972938}"
22,335,"{""lng"": 30.333197, ""lat"": 59.986124}"
22,336,"{""lng"": 30.348423, ""lat"": 59.983036}"
22,337,"{""lng"": 30.348423, ""lat"": 59.983036}"
22,338,"{""lng"": 30.349744, ""lat"": 59.986469}"
22,339,"{""lng"": 30.349744, ""lat"": 59.986469}"
22,340,"{""lng"": 30.349744, ""lat"": 59.986469}"
22,341,"{""lng"": 30.349744, ""lat"": 59.986469}"
22,342,"{""lng"": 30.333197, ""lat"": 59.986124}"
22,343,"{""lng"": 30.343896, ""lat"": 59.967191}"
22,344,"{""lng"": 30.353786, ""lat"": 60.003210}"
22,345,"{""lng"": 30.351037, ""lat"": 59.998378}"
22,346,"{""lng"": 30.353786, ""lat"": 60.003210}"
22,347,"{""lng"": 30.361664, ""lat"": 60.014378}"
22,348,"{""lng"": 30.361664, ""lat"": 60.014378}"
22,349,"{""lng"": 30.352744, ""lat"": 60.008905}"
22,350,"{""lng"": 30.352744, ""lat"": 60.008905}"
22,351,"{""lng"": 30.341030, ""lat"": 60.000177}"
22,352,"{""lng"": 30.341030, ""lat"": 60.000177}"
22,353,"{""lng"": 30.341030, ""lat"": 60.000177}"
22,354,"{""lng"": 30.330079, ""lat"": 60.003318}"
22,355,"{""lng"": 30.344677, ""lat"": 59.994945}"
22,356,"{""lng"": 30.341030, ""lat"": 60.000177}"
22,357,"{""lng"": 30.354316, ""lat"": 59.998783}"
22,358,"{""lng"": 30.353391, ""lat"": 59.995093}"
22,359,"{""lng"": 30.330079, ""lat"": 60.003318}"
22,360,"{""lng"": 30.340590, ""lat"": 60.005329}"
22,361,"{""lng"": 30.346195, ""lat"": 60.006921}"
22,362,"{""lng"": 30.346195, ""lat"": 60.006921}"
22,363,"{""lng"": 30.340590, ""lat"": 60.005329}"
22,364,"{""lng"": 30.334607, ""lat"": 60.013690}"
22,365,"{""lng"": 30.334607, ""lat"": 60.013690}"
22,366,"{""lng"": 30.332810, ""lat"": 60.015646}"
22,367,"{""lng"": 30.334607, ""lat"": 60.013690}"
22,368,"{""lng"": 30.333601, ""lat"": 60.017620}"
22,369,"{""lng"": 30.323935, ""lat"": 60.010551}"
22,370,"{""lng"": 30.323935, ""lat"": 60.010551}"
22,371,"{""lng"": 30.320180, ""lat"": 60.014531}"
22,372,"{""lng"": 30.314997, ""lat"": 60.021231}"
22,373,"{""lng"": 30.333601, ""lat"": 60.017620}"
22,374,"{""lng"": 30.333601, ""lat"": 60.017620}"
22,375,"{""lng"": 30.311733, ""lat"": 60.027144}"
22,378,"{""lng"": 30.336125, ""lat"": 60.034641}"
22,379,"{""lng"": 30.337769, ""lat"": 60.034722}"
22,380,"{""lng"": 30.336125, ""lat"": 60.034641}"
22,381,"{""lng"": 30.349330, ""lat"": 60.035319}"
22,382,"{""lng"": 30.337769, ""lat"": 60.034722}"
22,383,"{""lng"": 30.325830, ""lat"": 60.033459}"
22,384,"{""lng"": 30.325830, ""lat"": 60.033459}"
22,385,"{""lng"": 30.350795, ""lat"": 60.034362}"
22,386,"{""lng"": 30.350795, ""lat"": 60.034362}"
22,387,"{""lng"": 30.349330, ""lat"": 60.035319}"
22,388,"{""lng"": 30.349330, ""lat"": 60.035319}"
22,389,"{""lng"": 30.349330, ""lat"": 60.035319}"
22,390,"{""lng"": 30.325830, ""lat"": 60.033459}"
22,391,"{""lng"": 30.325830, ""lat"": 60.033459}"
22,392,"{""lng"": 30.327331, ""lat"": 60.039220}"
22,393,"{""lng"": 30.327331, ""lat"": 60.039220}"
22,394,"{""lng"": 30.336125, ""lat"": 60.034641}"
22,395,"{""lng"": 30.327331, ""lat"": 60.039220}"
22,396,"{""lng"": 30.332774, ""lat"": 60.037629}"
22,397,"{""lng"": 30.327331, ""lat"": 60.039220}"
22,398,"{""lng"": 30.338425, ""lat"": 60.039324}"
22,399,"{""lng"": 30.338425, ""lat"": 60.039324}"
22,400,"{""lng"": 30.338425, ""lat"": 60.039324}"
22,401,"{""lng"": 30.338425, ""lat"": 60.039324}"
22,403,
22,404,
22,405,
22,406,
22,407,
22,408,
22,409,
23,2035,"{""lng"": 30.351199, ""lat"": 59.912405}"
23,2036,"{""lng"": 30.350696, ""lat"": 59.906734}"
23,2037,"{""lng"": 30.350696, ""lat"": 59.906734}"
23,2038,"{""lng"": 30.342611, ""lat"": 59.909278}"
23,2039,"{""lng"": 30.342611, ""lat"": 59.909278}"
23,2040,"{""lng"": 30.365464, ""lat"": 59.900249}"
23,2041,"{""lng"": 30.355924, ""lat"": 59.889336}"
23,2042,"{""lng"": 30.359697, ""lat"": 59.889625}"
23,2043,"{""lng"": 30.359697, ""lat"": 59.889625}"
23,2044,"{""lng"": 30.380116, ""lat"": 59.876811}"
23,2045,"{""lng"": 30.380116, ""lat"": 59.876811}"
23,2046,"{""lng"": 30.380116, ""lat"": 59.876811}"
23,2047,"{""lng"": 30.380116, ""lat"": 59.876811}"
23,2048,"{""lng"": 30.380116, ""lat"": 59.876811}"
23,2049,"{""lng"": 30.390527, ""lat"": 59.877958}"
23,2050,"{""lng"": 30.390527, ""lat"": 59.877958}"
23,2051,"{""lng"": 30.371887, ""lat"": 59.873582}"
23,2052,"{""lng"": 30.371887, ""lat"": 59.873582}"
23,2053,"{""lng"": 30.371887, ""lat"": 59.873582}"
23,2054,"{""lng"": 30.371887, ""lat"": 59.873582}"
23,2055,"{""lng"": 30.408799, ""lat"": 59.874214}"
23,2056,"{""lng"": 30.408799, ""lat"": 59.874214}"
23,2057,"{""lng"": 30.408799, ""lat"": 59.874214}"
23,2058,"{""lng"": 30.413254, ""lat"": 59.871224}"
23,2059,"{""lng"": 30.413254, ""lat"": 59.871224}"
23,2060,"{""lng"": 30.414925, ""lat"": 59.863961}"
23,2061,"{""lng"": 30.407236, ""lat"": 59.865027}"
23,2062,"{""lng"": 30.401936, ""lat"": 59.873202}"
23,2063,"{""lng"": 30.397794, ""lat"": 59.869928}"
23,2064,"{""lng"": 30.397794, ""lat"": 59.869928}"
23,2065,"{""lng"": 30.397794, ""lat"": 59.869928}"
23,2066,"{""lng"": 30.406616, ""lat"": 59.867453}"
23,2067,"{""lng"": 30.406616, ""lat"": 59.867453}"
23,2068,"{""lng"": 30.399304, ""lat"": 59.875524}"
23,2069,"{""lng"": 30.394399, ""lat"": 59.872218}"
23,2070,"{""lng"": 30.394399, ""lat"": 59.872218}"
23,2071,"{""lng"": 30.390419, ""lat"": 59.870822}"
23,2072,"{""lng"": 30.390419, ""lat"": 59.870822}"
23,2073,"{""lng"": 30.392773, ""lat"": 59.868722}"
23,2074,"{""lng"": 30.392773, ""lat"": 59.868722}"
23,2075,"{""lng"": 30.407236, ""lat"": 59.865027}"
23,2076,"{""lng"": 30.407236, ""lat"": 59.865027}"
23,2077,"{""lng"": 30.394974, ""lat"": 59.864738}"
23,2078,"{""lng"": 30.394974, ""lat"": 59.864738}"
23,2079,"{""lng"": 30.397651, ""lat"": 59.862303}"
23,2080,"{""lng"": 30.397651, ""lat"": 59.862303}"
23,2081,"{""lng"": 30.363515, ""lat"": 59.870181}"
23,2082,"{""lng"": 30.363515, ""lat"": 59.870181}"
23,2083,"{""lng"": 30.363515, ""lat"": 59.870181}"
23,2084,"{""lng"": 30.363515, ""lat"": 59.870181}"
23,2085,"{""lng"": 30.367351, ""lat"": 59.865090}"
23,2086,"{""lng"": 30.380277, ""lat"": 59.863554}"
23,2087,"{""lng"": 30.380277, ""lat"": 59.863554}"
23,2088,"{""lng"": 30.380277, ""lat"": 59.863554}"
23,2089,"{""lng"": 30.380277, ""lat"": 59.863554}"
23,2090,"{""lng"": 30.367351, ""lat"": 59.865090}"
23,2091,"{""lng"": 30.377618, ""lat"": 59.863676}"
23,2092,"{""lng"": 30.383502, ""lat"": 59.859664}"
23,2093,"{""lng"": 30.383502, ""lat"": 59.859664}"
23,2094,"{""lng"": 30.383502, ""lat"": 59.859664}"
23,2095,"{""lng"": 30.371141, ""lat"": 59.857030}"
23,2096,"{""lng"": 30.368411, ""lat"": 59.862397}"
23,2097,"{""lng"": 30.368411, ""lat"": 59.862397}"
23,2098,"{""lng"": 30.368411, ""lat"": 59.862397}"
23,2099,"{""lng"": 30.371141, ""lat"": 59.857030}"
23,2100,"{""lng"": 30.371141, ""lat"": 59.857030}"
23,2101,
23,2102,
23,2103,
24,1545,"{""lng"": 30.402672, ""lat"": 59.911651}"
24,1546,"{""lng"": 30.425481, ""lat"": 59.897375}"
24,1547,"{""lng"": 30.425481, ""lat"": 59.897375}"
24,1548,"{""lng"": 30.423558, ""lat"": 59.894937}"
24,1549,"{""lng"": 30.423558, ""lat"": 59.894937}"
24,1550,"{""lng"": 30.409401, ""lat"": 59.895163}"
24,1551,"{""lng"": 30.409401, ""lat"": 59.895163}"
24,1552,"{""lng"": 30.413183, ""lat"": 59.891308}"
24,1553,"{""lng"": 30.413183, ""lat"": 59.891308}"
24,1554,"{""lng"": 30.426559, ""lat"": 59.893421}"
24,1555,"{""lng"": 30.426559, ""lat"": 59.893421}"
24,1556,"{""lng"": 30.426559, ""lat"": 59.893421}"
24,1557,"{""lng"": 30.423882, ""lat"": 59.885666}"
24,1558,"{""lng"": 30.423882, ""lat"": 59.885666}"
24,1559,"{""lng"": 30.429748, ""lat"": 59.879557}"
24,1560,"{""lng"": 30.429748, ""lat"": 59.879557}"
24,1561,"{""lng"": 30.439252, ""lat"": 59.878748}"
24,1562,"{""lng"": 30.439252, ""lat"": 59.878748}"
24,1563,"{""lng"": 30.439252, ""lat"": 59.878748}"
24,1564,"{""lng"": 30.442306, ""lat"": 59.875695}"
24,1565,"{""lng"": 30.442306, ""lat"": 59.875695}"
24,1566,"{""lng"": 30.446627, ""lat"": 59.874246}"
24,1567,"{""lng"": 30.446627, ""lat"": 59.874246}"
24,1568,"{""lng"": 30.446627, ""lat"": 59.874246}"
24,1569,"{""lng"": 30.445702, ""lat"": 59.869598}"
24,1570,"{""lng"": 30.445702, ""lat"": 59.869598}"
24,1571,"{""lng"": 30.445702, ""lat"": 59.869598}"
24,1572,"{""lng"": 30.448271, ""lat"": 59.866703}"
24,1573,"{""lng"": 30.438587, ""lat"": 59.866237}"
24,1574,"{""lng"": 30.449915, ""lat"": 59.863071}"
24,1575,"{""lng"": 30.449915, ""lat"": 59.863071}"
24,1576,"{""lng"": 30.449915, ""lat"": 59.863071}"
24,1577,"{""lng"": 30.45102, ""lat"": 59.869815}"
24,1578,"{""lng"": 30.45102, ""lat"": 59.869815}"
24,1579,"{""lng"": 30.461404, ""lat"": 59.862203}"
24,1580,"{""lng"": 30.478382, ""lat"": 59.859474}"
24,1581,"{""lng"": 30.478382, ""lat"": 59.859474}"
24,1582,"{""lng"": 30.478382, ""lat"": 59.859474}"
24,1583,"{""lng"": 30.46736, ""lat"": 59.85449}"
24,1584,"{""lng"": 30.46736, ""lat"": 59.85449}"
24,1585,"{""lng"": 30.46736, ""lat"": 59.85449}"
24,1586,"{""lng"": 30.494552, ""lat"": 59.841202}"
24,1587,"{""lng"": 30.494552, ""lat"": 59.841202}"
24,1588,"{""lng"": 30.494552, ""lat"": 59.841202}"
24,1589,"{""lng"": 30.491489, ""lat"": 59.838561}"
24,1590,"{""lng"": 30.491489, ""lat"": 59.838561}"
24,1591,"{""lng"": 30.491489, ""lat"": 59.838561}"
24,1592,"{""lng"": 30.494956, ""lat"": 59.837621}"
24,1593,"{""lng"": 30.494956, ""lat"": 59.837621}"
24,1594,"{""lng"": 30.504802, ""lat"": 59.839004}"
24,1595,"{""lng"": 30.504802, ""lat"": 59.839004}"
24,1596,"{""lng"": 30.504802, ""lat"": 59.839004}"
24,1597,"{""lng"": 30.504802, ""lat"": 59.839004}"
24,1598,"{""lng"": 30.514809, ""lat"": 59.832914}"
24,1599,"{""lng"": 30.514809, ""lat"": 59.832914}"
24,1600,"{""lng"": 30.514809, ""lat"": 59.832914}"
24,1601,"{""lng"": 30.514809, ""lat"": 59.832914}"
24,1602,"{""lng"": 30.512689, ""lat"": 59.836454}"
24,1603,"{""lng"": 30.512689, ""lat"": 59.836454}"
24,1604,"{""lng"": 30.512689, ""lat"": 59.836454}"
24,1605,
25,973,"{""lng"": 30.465114, ""lat"": 59.953043}"
25,974,"{""lng"": 30.465114, ""lat"": 59.953043}"
25,975,"{""lng"": 30.465132, ""lat"": 59.951948}"
25,976,"{""lng"": 30.465132, ""lat"": 59.951948}"
25,977,"{""lng"": 30.466210, ""lat"": 59.948469}"
25,978,"{""lng"": 30.466210, ""lat"": 59.948469}"
25,979,"{""lng"": 30.466210, ""lat"": 59.948469}"
25,980,"{""lng"": 30.466210, ""lat"": 59.948469}"
25,981,"{""lng"": 30.466210, ""lat"": 59.948469}"
25,982,"{""lng"": 30.473585, ""lat"": 59.938870}"
25,983,"{""lng"": 30.473585, ""lat"": 59.938870}"
25,984,"{""lng"": 30.473585, ""lat"": 59.938870}"
25,985,"{""lng"": 30.473585, ""lat"": 59.938870}"
25,986,"{""lng"": 30.473585, ""lat"": 59.938870}"
25,987,"{""lng"": 30.472804, ""lat"": 59.955926}"
25,988,"{""lng"": 30.472804, ""lat"": 59.955926}"
25,989,"{""lng"": 30.472804, ""lat"": 59.955926}"
25,990,"{""lng"": 30.479370, ""lat"": 59.954867}"
25,991,"{""lng"": 30.479370, ""lat"": 59.954867}"
25,992,"{""lng"": 30.479370, ""lat"": 59.954867}"
25,993,"{""lng"": 30.479335, ""lat"": 59.952236}"
25,994,"{""lng"": 30.479335, ""lat"": 59.952236}"
25,995,"{""lng"": 30.479335, ""lat"": 59.952236}"
25,996,"{""lng"": 30.479335, ""lat"": 59.952236}"
25,997,"{""lng"": 30.481994, ""lat"": 59.947545}"
25,998,"{""lng"": 30.481994, ""lat"": 59.947545}"
25,999,"{""lng"": 30.484994, ""lat"": 59.947888}"
25,1000,"{""lng"": 30.484994, ""lat"": 59.947888}"
25,1001,"{""lng"": 30.484994, ""lat"": 59.947888}"
25,1002,"{""lng"": 30.480089, ""lat"": 59.942259}"
25,1003,"{""lng"": 30.485991, ""lat"": 59.943242}"
25,1004,"{""lng"": 30.485991, ""lat"": 59.943242}"
25,1005,"{""lng"": 30.485991, ""lat"": 59.943242}"
25,1006,"{""lng"": 30.479667, ""lat"": 59.939667}"
25,1007,"{""lng"": 30.479667, ""lat"": 59.939667}"
25,1008,"{""lng"": 30.479667, ""lat"": 59.939667}"
25,1009,"{""lng"": 30.485784, ""lat"": 59.937360}"
25,1010,"{""lng"": 30.485784, ""lat"": 59.937360}"
25,1011,"{""lng"": 30.485784, ""lat"": 59.937360}"
25,1012,"{""lng"": 30.492198, ""lat"": 59.941822}"
25,1013,"{""lng"": 30.492198, ""lat"": 59.941822}"
25,1014,"{""lng"": 30.492198, ""lat"": 59.941822}"
25,1015,"{""lng"": 30.500346, ""lat"": 59.943341}"
25,1016,"{""lng"": 30.500346, ""lat"": 59.943341}"
25,1017,"{""lng"": 30.500346, ""lat"": 59.943341}"
25,1018,"{""lng"": 30.500346, ""lat"": 59.943341}"
25,1019,"{""lng"": 30.491983, ""lat"": 59.936927}"
25,1020,"{""lng"": 30.491983, ""lat"": 59.936927}"
25,1021,"{""lng"": 30.498702, ""lat"": 59.938090}"
25,1022,"{""lng"": 30.491983, ""lat"": 59.936927}"
25,1023,"{""lng"": 30.498702, ""lat"": 59.938090}"
25,1024,"{""lng"": 30.494857, ""lat"": 59.946820}"
25,1025,"{""lng"": 30.494857, ""lat"": 59.946820}"
25,1026,"{""lng"": 30.494857, ""lat"": 59.946820}"
25,1027,"{""lng"": 30.497229, ""lat"": 59.948555}"
25,1028,"{""lng"": 30.497229, ""lat"": 59.948555}"
25,1029,"{""lng"": 30.497229, ""lat"": 59.948555}"
25,1030,"{""lng"": 30.491992, ""lat"": 59.950704}"
25,1031,"{""lng"": 30.491992, ""lat"": 59.950704}"
25,1032,"{""lng"": 30.491992, ""lat"": 59.950704}"
25,1033,"{""lng"": 30.489342, ""lat"": 59.953727}"
25,1034,"{""lng"": 30.489342, ""lat"": 59.953727}"
25,1035,"{""lng"": 30.492279, ""lat"": 59.953962}"
25,1036,"{""lng"": 30.492279, ""lat"": 59.953962}"
25,1037,"{""lng"": 30.492279, ""lat"": 59.953962}"
25,1038,"{""lng"": 30.487833, ""lat"": 59.958579}"
25,1039,"{""lng"": 30.487833, ""lat"": 59.958579}"
25,1040,"{""lng"": 30.487833, ""lat"": 59.958579}"
25,1041,"{""lng"": 30.487833, ""lat"": 59.958579}"
25,1042,"{""lng"": 30.487374, ""lat"": 59.959269}"
25,1043,"{""lng"": 30.484940, ""lat"": 59.964120}"
25,1044,"{""lng"": 30.506688, ""lat"": 59.975779}"
25,1045,"{""lng"": 30.506688, ""lat"": 59.975779}"
25,1046,"{""lng"": 30.516947, ""lat"": 59.986016}"
25,1047,"{""lng"": 30.503095, ""lat"": 59.979898}"
26,1145,"{""lng"": 30.178399, ""lat"": 59.841993}"
26,1146,"{""lng"": 30.178399, ""lat"": 59.841993}"
26,1147,"{""lng"": 30.182145, ""lat"": 59.836215}"
26,1148,"{""lng"": 30.182145, ""lat"": 59.836215}"
26,1149,"{""lng"": 30.181372, ""lat"": 59.828084}"
26,1150,"{""lng"": 30.181372, ""lat"": 59.828084}"
26,1151,"{""lng"": 30.181372, ""lat"": 59.828084}"
26,1152,"{""lng"": 30.181372, ""lat"": 59.828084}"
26,1153,"{""lng"": 30.181372, ""lat"": 59.828084}"
26,1154,"{""lng"": 30.167565, ""lat"": 59.842011}"
26,1155,"{""lng"": 30.167565, ""lat"": 59.842011}"
26,1156,"{""lng"": 30.167565, ""lat"": 59.842011}"
26,1157,"{""lng"": 30.167565, ""lat"": 59.842011}"
26,1158,"{""lng"": 30.171859, ""lat"": 59.835523}"
26,1159,"{""lng"": 30.170853, ""lat"": 59.826569}"
26,1160,"{""lng"": 30.169685, ""lat"": 59.830820}"
26,1161,"{""lng"": 30.169685, ""lat"": 59.830820}"
26,1162,"{""lng"": 30.170853, ""lat"": 59.826569}"
26,1163,"{""lng"": 30.170853, ""lat"": 59.826569}"
26,1164,
26,1165,"{""lng"": 30.152033, ""lat"": 59.832335}"
26,1166,"{""lng"": 30.147919, ""lat"": 59.832475}"
26,1167,"{""lng"": 30.157046, ""lat"": 59.831829}"
26,1168,"{""lng"": 30.157046, ""lat"": 59.831829}"
26,1169,"{""lng"": 30.159597, ""lat"": 59.827058}"
26,1170,"{""lng"": 30.164188, ""lat"": 59.825298}"
26,1171,"{""lng"": 30.084175, ""lat"": 59.830422}"
26,1172,
26,1173,"{""lng"": 30.141281, ""lat"": 59.828555}"
26,1174,"{""lng"": 30.141281, ""lat"": 59.828555}"
26,1175,"{""lng"": 30.151414, ""lat"": 59.827492}"
26,1176,"{""lng"": 30.141766, ""lat"": 59.834840}"
26,1177,"{""lng"": 30.151414, ""lat"": 59.827492}"
26,1178,"{""lng"": 30.152033, ""lat"": 59.832335}"
26,1179,"{""lng"": 30.176000, ""lat"": 59.818803}"
26,1180,"{""lng"": 30.144505, ""lat"": 59.785911}"
26,1181,"{""lng"": 30.110882, ""lat"": 59.781541}"
26,1182,"{""lng"": 30.110882, ""lat"": 59.781541}"
26,1183,"{""lng"": 30.077779, ""lat"": 59.753205}"
26,1184,"{""lng"": 30.144505, ""lat"": 59.785911}"
26,1185,"{""lng"": 30.144505, ""lat"": 59.785911}"
26,1186,"{""lng"": 30.144505, ""lat"": 59.785911}"
26,1187,"{""lng"": 30.144505, ""lat"": 59.785911}"
26,1188,"{""lng"": 30.151683, ""lat"": 59.792880}"
26,1189,"{""lng"": 30.151683, ""lat"": 59.792880}"
26,1193,"{""lng"": 30.094892, ""lat"": 59.743005}"
26,1194,"{""lng"": 30.088729, ""lat"": 59.746002}"
26,1195,"{""lng"": 30.088729, ""lat"": 59.746002}"
26,1196,"{""lng"": 30.088729, ""lat"": 59.746002}"
26,1197,"{""lng"": 30.091828, ""lat"": 59.738824}"
26,1198,"{""lng"": 30.091828, ""lat"": 59.738824}"
26,1199,"{""lng"": 30.079405, ""lat"": 59.740915}"
26,1200,"{""lng"": 30.083303, ""lat"": 59.729214}"
26,1201,"{""lng"": 30.079333, ""lat"": 59.732158}"
26,1202,"{""lng"": 30.079333, ""lat"": 59.732158}"
26,1203,"{""lng"": 30.081228, ""lat"": 59.745326}"
26,1204,"{""lng"": 30.081228, ""lat"": 59.745326}"
26,1205,"{""lng"": 30.081228, ""lat"": 59.745326}"
26,1206,"{""lng"": 30.073925, ""lat"": 59.720517}"
26,1207,"{""lng"": 30.073925, ""lat"": 59.720517}"
26,1208,"{""lng"": 30.073925, ""lat"": 59.720517}"
26,1209,"{""lng"": 30.073925, ""lat"": 59.720517}"
26,1210,
26,1211,"{""lng"": 30.079333, ""lat"": 59.732158}"
26,1212,"{""lng"": 30.125353, ""lat"": 59.696997}"
26,1213,"{""lng"": 30.073197, ""lat"": 59.669561}"
26,1214,"{""lng"": 30.086115, ""lat"": 59.719605}"
26,1215,"{""lng"": 30.086115, ""lat"": 59.719605}"
26,1216,"{""lng"": 30.086115, ""lat"": 59.719605}"
27,1367,"{""lng"": 30.309554, ""lat"": 59.872611}"
27,1368,"{""lng"": 30.309554, ""lat"": 59.872611}"
27,1369,"{""lng"": 30.301558, ""lat"": 59.873930}"
27,1370,"{""lng"": 30.301558, ""lat"": 59.873930}"
27,1371,"{""lng"": 30.309554, ""lat"": 59.872611}"
27,1372,"{""lng"": 30.311682, ""lat"": 59.861458}"
27,1373,"{""lng"": 30.311682, ""lat"": 59.861458}"
27,1374,"{""lng"": 30.298854, ""lat"": 59.861864}"
27,1375,"{""lng"": 30.311682, ""lat"": 59.861458}"
27,1376,"{""lng"": 30.311682, ""lat"": 59.861459}"
27,1377,"{""lng"": 30.311636, ""lat"": 59.854799}"
27,1378,"{""lng"": 30.311636, ""lat"": 59.854799}"
27,1379,"{""lng"": 30.311636, ""lat"": 59.854799}"
27,1380,"{""lng"": 30.311636, ""lat"": 59.854799}"
27,1381,"{""lng"": 30.312474, ""lat"": 59.849969}"
27,1382,"{""lng"": 30.298854, ""lat"": 59.861864}"
27,1383,"{""lng"": 30.298854, ""lat"": 59.861864}"
27,1384,"{""lng"": 30.298656, ""lat"": 59.860080}"
27,1385,"{""lng"": 30.298656, ""lat"": 59.860080}"
27,1386,"{""lng"": 30.298540, ""lat"": 59.858376}"
27,1387,"{""lng"": 30.295620, ""lat"": 59.854956}"
27,1388,"{""lng"": 30.295620, ""lat"": 59.854956}"
27,1389,"{""lng"": 30.305888, ""lat"": 59.848461}"
27,1390,"{""lng"": 30.305888, ""lat"": 59.848461}"
27,1391,"{""lng"": 30.305888, ""lat"": 59.848461}"
27,1392,"{""lng"": 30.305888, ""lat"": 59.848461}"
27,1393,"{""lng"": 30.309337, ""lat"": 59.846337}"
27,1394,"{""lng"": 30.309337, ""lat"": 59.846337}"
27,1395,"{""lng"": 30.314449, ""lat"": 59.870727}"
27,1396,"{""lng"": 30.314449, ""lat"": 59.870727}"
27,1397,"{""lng"": 30.318851, ""lat"": 59.863301}"
27,1398,"{""lng"": 30.316362, ""lat"": 59.860274}"
27,1399,"{""lng"": 30.318312, ""lat"": 59.851218}"
27,1400,"{""lng"": 30.318294, ""lat"": 59.846405}"
27,1401,"{""lng"": 30.318294, ""lat"": 59.846405}"
27,1402,"{""lng"": 30.318294, ""lat"": 59.846405}"
27,1403,"{""lng"": 30.313869, ""lat"": 59.836384}"
27,1404,"{""lng"": 30.313869, ""lat"": 59.836384}"
27,1405,"{""lng"": 30.313056, ""lat"": 59.838159}"
27,1406,"{""lng"": 30.313056, ""lat"": 59.838159}"
27,1407,"{""lng"": 30.313056, ""lat"": 59.838159}"
27,1408,"{""lng"": 30.292898, ""lat"": 59.811749}"
27,1409,"{""lng"": 30.292898, ""lat"": 59.811749}"
27,1410,"{""lng"": 30.292898, ""lat"": 59.811749}"
27,1411,"{""lng"": 30.336170, ""lat"": 59.769134}"
27,1412,"{""lng"": 30.315545, ""lat"": 59.753845}"
27,1413,
27,1414,
28,1867,"{""lng"": 30.290753, ""lat"": 59.998128}"
28,1868,"{""lng"": 30.290753, ""lat"": 59.998128}"
28,1869,"{""lng"": 30.290753, ""lat"": 59.998128}"
28,1870,"{""lng"": 30.290753, ""lat"": 59.998128}"
28,1871,"{""lng"": 30.290753, ""lat"": 59.998128}"
28,1872,"{""lng"": 30.287297, ""lat"": 60.001965}"
28,1873,"{""lng"": 30.287297, ""lat"": 60.001965}"
28,1874,"{""lng"": 30.283716, ""lat"": 60.001742}"
28,1875,"{""lng"": 30.283716, ""lat"": 60.001742}"
28,1876,"{""lng"": 30.279307, ""lat"": 60.002611}"
28,1877,"{""lng"": 30.279307, ""lat"": 60.002611}"
28,1878,"{""lng"": 30.279307, ""lat"": 60.002611}"
28,1879,"{""lng"": 30.286050, ""lat"": 60.008414}"
28,1880,"{""lng"": 30.286050, ""lat"": 60.008414}"
28,1881,"{""lng"": 30.286050, ""lat"": 60.008414}"
28,1882,"{""lng"": 30.286050, ""lat"": 60.008414}"
28,1883,"{""lng"": 30.286657, ""lat"": 60.009930}"
28,1884,"{""lng"": 30.286657, ""lat"": 60.009930}"
28,1885,"{""lng"": 30.286657, ""lat"": 60.009930}"
28,1886,"{""lng"": 30.286657, ""lat"": 60.009930}"
28,1887,"{""lng"": 30.287344, ""lat"": 60.010994}"
28,1888,"{""lng"": 30.287344, ""lat"": 60.010994}"
28,1889,"{""lng"": 30.287344, ""lat"": 60.010994}"
28,1890,"{""lng"": 30.287344, ""lat"": 60.010994}"
28,1891,"{""lng"": 30.280977, ""lat"": 60.014115}"
28,1892,"{""lng"": 30.280977, ""lat"": 60.014115}"
28,1893,"{""lng"": 30.254303, ""lat"": 60.023342}"
28,1894,"{""lng"": 30.254303, ""lat"": 60.023342}"
28,1895,"{""lng"": 30.254303, ""lat"": 60.023342}"
28,1896,"{""lng"": 30.271768, ""lat"": 60.015740}"
28,1897,"{""lng"": 30.271768, ""lat"": 60.015740}"
28,1898,"{""lng"": 30.250375, ""lat"": 60.020056}"
28,1899,"{""lng"": 30.250375, ""lat"": 60.020056}"
28,1900,"{""lng"": 30.250375, ""lat"": 60.020056}"
28,1901,"{""lng"": 30.250375, ""lat"": 60.020056}"
28,1902,"{""lng"": 30.243717, ""lat"": 60.024772}"
28,1903,"{""lng"": 30.243717, ""lat"": 60.024772}"
28,1904,"{""lng"": 30.243717, ""lat"": 60.024772}"
28,1905,"{""lng"": 30.240170, ""lat"": 60.018049}"
28,1906,"{""lng"": 30.240170, ""lat"": 60.018049}"
28,1907,"{""lng"": 30.240170, ""lat"": 60.018049}"
28,1908,"{""lng"": 30.239449, ""lat"": 60.019042}"
28,1909,"{""lng"": 30.239449, ""lat"": 60.019042}"
28,1910,"{""lng"": 30.236992, ""lat"": 60.016988}"
28,1911,"{""lng"": 30.236992, ""lat"": 60.016988}"
28,1912,"{""lng"": 30.236992, ""lat"": 60.016988}"
28,1913,"{""lng"": 30.235938, ""lat"": 60.021699}"
28,1914,"{""lng"": 30.235938, ""lat"": 60.021699}"
28,1915,"{""lng"": 30.231967, ""lat"": 60.021006}"
28,1916,"{""lng"": 30.231967, ""lat"": 60.021006}"
28,1917,"{""lng"": 30.231967, ""lat"": 60.021006}"
28,1918,"{""lng"": 30.215335, ""lat"": 60.026261}"
28,1919,"{""lng"": 30.219289, ""lat"": 60.025115}"
28,1920,"{""lng"": 30.219289, ""lat"": 60.025115}"
28,1921,"{""lng"": 30.219289, ""lat"": 60.025115}"
28,1922,"{""lng"": 30.215335, ""lat"": 60.026261}"
28,1923,"{""lng"": 30.229646, ""lat"": 60.028625}"
28,1924,"{""lng"": 30.229646, ""lat"": 60.028625}"
28,1927,"{""lng"": 30.295961, ""lat"": 60.016795}"
28,1928,"{""lng"": 30.298887, ""lat"": 60.039293}"
28,1929,"{""lng"": 30.189074, ""lat"": 60.040395}"
28,1930,"{""lng"": 30.288326, ""lat"": 60.026487}"
28,1931,"{""lng"": 30.288326, ""lat"": 60.026487}"
28,1932,"{""lng"": 30.288326, ""lat"": 60.026487}"
28,1933,"{""lng"": 30.288326, ""lat"": 60.026487}"
28,1934,"{""lng"": 30.290809, ""lat"": 60.027152}"
28,1935,"{""lng"": 30.290809, ""lat"": 60.027152}"
28,1936,"{""lng"": 30.290809, ""lat"": 60.027152}"
28,1937,"{""lng"": 30.298656, ""lat"": 60.026905}"
28,1938,"{""lng"": 30.298656, ""lat"": 60.026905}"
28,1939,"{""lng"": 30.298656, ""lat"": 60.026905}"
28,1940,"{""lng"": 30.298656, ""lat"": 60.026905}"
28,1941,
28,1942,"{""lng"": 30.229689, ""lat"": 60.028582}"
28,1943,"{""lng"": 30.229689, ""lat"": 60.028582}"
28,1944,"{""lng"": 30.229689, ""lat"": 60.028582}"
28,1945,"{""lng"": 30.229646, ""lat"": 60.028625}"
28,1946,
28,1947,
29,2104,"{""lng"": 30.380050, ""lat"": 59.850822}"
29,2105,"{""lng"": 30.389561, ""lat"": 59.855475}"
29,2106,"{""lng"": 30.389561, ""lat"": 59.855475}"
29,2107,"{""lng"": 30.380050, ""lat"": 59.850822}"
29,2108,"{""lng"": 30.388909, ""lat"": 59.852205}"
29,2109,"{""lng"": 30.388909, ""lat"": 59.852205}"
29,2110,"{""lng"": 30.388909, ""lat"": 59.852205}"
29,2111,"{""lng"": 30.388909, ""lat"": 59.852205}"
29,2112,"{""lng"": 30.371781, ""lat"": 59.850186}"
29,2113,"{""lng"": 30.380050, ""lat"": 59.850822}"
29,2114,"{""lng"": 30.371781, ""lat"": 59.850186}"
29,2115,"{""lng"": 30.377898, ""lat"": 59.849192}"
29,2116,"{""lng"": 30.377898, ""lat"": 59.849192}"
29,2117,"{""lng"": 30.377898, ""lat"": 59.849192}"
29,2118,"{""lng"": 30.385281, ""lat"": 59.844985}"
29,2119,"{""lng"": 30.379304, ""lat"": 59.841183}"
29,2120,"{""lng"": 30.379304, ""lat"": 59.841183}"
29,2121,"{""lng"": 30.385281, ""lat"": 59.844985}"
29,2122,"{""lng"": 30.385281, ""lat"": 59.844985}"
29,2123,"{""lng"": 30.393280, ""lat"": 59.846906}"
29,2124,"{""lng"": 30.393280, ""lat"": 59.846906}"
29,2125,"{""lng"": 30.393280, ""lat"": 59.846906}"
29,2126,"{""lng"": 30.381626, ""lat"": 59.837902}"
29,2127,"{""lng"": 30.391274, ""lat"": 59.840135}"
29,2128,"{""lng"": 30.391274, ""lat"": 59.840135}"
29,2129,"{""lng"": 30.399286, ""lat"": 59.841088}"
29,2130,"{""lng"": 30.399286, ""lat"": 59.841088}"
29,2131,"{""lng"": 30.381626, ""lat"": 59.837902}"
29,2132,"{""lng"": 30.381626, ""lat"": 59.837902}"
29,2133,"{""lng"": 30.399286, ""lat"": 59.841088}"
29,2134,"{""lng"": 30.411912, ""lat"": 59.849088}"
29,2135,"{""lng"": 30.411912, ""lat"": 59.849088}"
29,2136,"{""lng"": 30.411912, ""lat"": 59.849088}"
29,2137,"{""lng"": 30.411912, ""lat"": 59.849088}"
29,2138,"{""lng"": 30.412577, ""lat"": 59.847871}"
29,2139,"{""lng"": 30.412577, ""lat"": 59.847871}"
29,2140,"{""lng"": 30.419424, ""lat"": 59.840737}"
29,2141,"{""lng"": 30.419424, ""lat"": 59.840737}"
29,2142,"{""lng"": 30.419424, ""lat"": 59.840737}"
29,2143,"{""lng"": 30.423120, ""lat"": 59.836894}"
29,2144,"{""lng"": 30.423120, ""lat"": 59.836894}"
29,2145,"{""lng"": 30.423120, ""lat"": 59.836894}"
29,2146,"{""lng"": 30.427044, ""lat"": 59.832607}"
29,2147,"{""lng"": 30.427044, ""lat"": 59.832607}"
29,2148,"{""lng"": 30.428510, ""lat"": 59.831169}"
29,2149,"{""lng"": 30.428510, ""lat"": 59.831169}"
29,2150,"{""lng"": 30.401814, ""lat"": 59.838529}"
29,2151,"{""lng"": 30.401814, ""lat"": 59.838529}"
29,2152,"{""lng"": 30.396776, ""lat"": 59.835609}"
29,2153,"{""lng"": 30.396776, ""lat"": 59.835609}"
29,2154,"{""lng"": 30.396776, ""lat"": 59.835609}"
29,2155,"{""lng"": 30.386481, ""lat"": 59.833507}"
29,2156,"{""lng"": 30.408425, ""lat"": 59.831957}"
29,2157,"{""lng"": 30.408425, ""lat"": 59.831957}"
29,2158,"{""lng"": 30.408425, ""lat"": 59.831957}"
29,2159,"{""lng"": 30.402450, ""lat"": 59.831185}"
29,2160,"{""lng"": 30.402450, ""lat"": 59.831185}"
29,2161,"{""lng"": 30.402450, ""lat"": 59.831185}"
29,2162,"{""lng"": 30.411434, ""lat"": 59.828925}"
29,2163,"{""lng"": 30.411434, ""lat"": 59.828925}"
29,2164,"{""lng"": 30.411434, ""lat"": 59.828925}"
29,2165,"{""lng"": 30.403617, ""lat"": 59.825622}"
29,2166,"{""lng"": 30.403617, ""lat"": 59.825622}"
29,2167,"{""lng"": 30.403617, ""lat"": 59.825622}"
29,2168,"{""lng"": 30.386481, ""lat"": 59.833507}"
29,2169,"{""lng"": 30.386481, ""lat"": 59.833513}"
29,2170,"{""lng"": 30.389537, ""lat"": 59.830902}"
29,2171,"{""lng"": 30.389537, ""lat"": 59.830902}"
29,2172,"{""lng"": 30.389537, ""lat"": 59.830902}"
29,2173,"{""lng"": 30.394236, ""lat"": 59.826464}"
29,2174,"{""lng"": 30.394236, ""lat"": 59.826464}"
29,2175,"{""lng"": 30.396351, ""lat"": 59.844006}"
29,2176,"{""lng"": 30.412577, ""lat"": 59.847871}"
29,2177,
29,2178,
29,2179,
30,2233,"{""lng"": 30.360986, ""lat"": 59.944805}"
30,2234,"{""lng"": 30.360986, ""lat"": 59.944805}"
30,2235,"{""lng"": 30.360787, ""lat"": 59.944243}"
30,2236,"{""lng"": 30.369499, ""lat"": 59.948996}"
30,2237,"{""lng"": 30.378005, ""lat"": 59.949370}"
30,2238,"{""lng"": 30.383152, ""lat"": 59.945819}"
30,2239,"{""lng"": 30.390760, ""lat"": 59.944923}"
30,2240,"{""lng"": 30.390760, ""lat"": 59.944923}"
30,2241,"{""lng"": 30.360787, ""lat"": 59.944243}"
30,2242,"{""lng"": 30.363015, ""lat"": 59.944100}"
30,2243,"{""lng"": 30.379792, ""lat"": 59.943061}"
30,2244,"{""lng"": 30.381196, ""lat"": 59.939815}"
30,2245,"{""lng"": 30.356986, ""lat"": 59.937489}"
30,2246,"{""lng"": 30.359179, ""lat"": 59.934191}"
30,2247,"{""lng"": 30.368830, ""lat"": 59.936785}"
30,2248,"{""lng"": 30.381196, ""lat"": 59.939815}"
30,2249,"{""lng"": 30.368830, ""lat"": 59.936785}"
30,2250,"{""lng"": 30.368566, ""lat"": 59.935977}"
30,2251,"{""lng"": 30.359179, ""lat"": 59.934191}"
30,2252,"{""lng"": 30.366614, ""lat"": 59.936434}"
30,2253,"{""lng"": 30.368566, ""lat"": 59.935977}"
30,2254,"{""lng"": 30.372236, ""lat"": 59.930263}"
30,2255,"{""lng"": 30.372236, ""lat"": 59.930263}"
30,2256,"{""lng"": 30.378192, ""lat"": 59.936097}"
30,2257,"{""lng"": 30.382476, ""lat"": 59.937387}"
30,2258,"{""lng"": 30.382061, ""lat"": 59.933857}"
30,2259,"{""lng"": 30.378192, ""lat"": 59.936097}"
30,2260,"{""lng"": 30.377399, ""lat"": 59.929418}"
30,2261,"{""lng"": 30.377399, ""lat"": 59.929418}"
30,2262,"{""lng"": 30.382034, ""lat"": 59.924276}"
30,2263,"{""lng"": 30.366442, ""lat"": 59.928944}"
30,2264,"{""lng"": 30.369780, ""lat"": 59.926407}"
30,2265,"{""lng"": 30.382034, ""lat"": 59.924276}"
30,2266,"{""lng"": 30.357958, ""lat"": 59.922120}"
30,2267,"{""lng"": 30.355519, ""lat"": 59.915984}"
30,2268,"{""lng"": 30.355519, ""lat"": 59.915984}"
30,2269,
30,2270,
30,2271,
